#A list of time, magnitude, and bands for 1987A.
event,time,magnitude,band
SN1987A,46849.44,6.36,V
SN1987A,46849.62,6.11,V
SN1987A,46850.45,4.89,B
SN1987A,46850.45,4.06,U
SN1987A,46850.45,4.81,V
SN1987A,46850.8,4.74,B
SN1987A,46850.8,4.29,I
SN1987A,46850.8,4.37,R
SN1987A,46850.8,3.95,U
SN1987A,46850.8,4.63,V
SN1987A,46850.82,4.74,B
SN1987A,46850.82,4.34,I
SN1987A,46850.82,4.4,R
SN1987A,46850.82,3.99,U
SN1987A,46850.82,4.62,V
SN1987A,46851.11,4.68,B
SN1987A,46851.11,4.63,V
SN1987A,46851.22,4.59,B
SN1987A,46851.22,4.84,B
SN1987A,46851.22,4.21,U
SN1987A,46851.22,4.57,V
SN1987A,46851.22,4.63,V
SN1987A,46851.87,4.75,B
SN1987A,46851.87,4.12,I
SN1987A,46851.87,4.21,R
SN1987A,46851.87,4.21,U
SN1987A,46851.87,4.52,V
SN1987A,46851.9,4.75,B
SN1987A,46851.9,4.12,I
SN1987A,46851.9,4.22,R
SN1987A,46851.9,4.23,U
SN1987A,46851.9,4.52,V
SN1987A,46852.04,4.65,B
SN1987A,46852.04,4.49,V
SN1987A,46852.17,4.71,B
SN1987A,46852.17,4.5,V
SN1987A,46852.18,4.72,B
SN1987A,46852.18,4.52,V
SN1987A,46852.24,4.8,B
SN1987A,46852.24,4.52,V
SN1987A,46852.78,4.84,B
SN1987A,46852.78,4.04,I
SN1987A,46852.78,4.16,R
SN1987A,46852.78,4.5,U
SN1987A,46852.78,4.49,V
SN1987A,46852.8,4.8,B
SN1987A,46852.8,4,I
SN1987A,46852.8,4.11,R
SN1987A,46852.8,4.49,U
SN1987A,46852.8,4.44,V
SN1987A,46852.86,4.81,B
SN1987A,46852.86,4,I
SN1987A,46852.86,4.1,R
SN1987A,46852.86,4.52,U
SN1987A,46852.86,4.45,V
SN1987A,46852.94,4.85,B
SN1987A,46852.94,4,I
SN1987A,46852.94,4.11,R
SN1987A,46852.94,4.58,U
SN1987A,46852.94,4.45,V
SN1987A,46853.0,4.83,B
SN1987A,46853.0,3.99,I
SN1987A,46853.0,4.14,R
SN1987A,46853.0,4.67,U
SN1987A,46853.0,4.43,V
SN1987A,46853.06,4.83,B
SN1987A,46853.06,4.59,U
SN1987A,46853.06,4.45,V
SN1987A,46853.08,4.83,B
SN1987A,46853.08,4.61,U
SN1987A,46853.08,4.46,V
SN1987A,46853.09,4.85,B
SN1987A,46853.09,4.64,U
SN1987A,46853.09,4.47,V
SN1987A,46853.93,4.95,B
SN1987A,46853.93,3.95,I
SN1987A,46853.93,4.05,R
SN1987A,46853.93,5.21,U
SN1987A,46853.93,4.43,V
SN1987A,46854.0,4.96,B
SN1987A,46854.0,3.92,I
SN1987A,46854.0,4.09,R
SN1987A,46854.0,5.26,U
SN1987A,46854.0,4.42,V
SN1987A,46854.06,4.95,B
SN1987A,46854.06,5.33,U
SN1987A,46854.06,4.48,V
SN1987A,46854.13,4.96,B
SN1987A,46854.13,5.35,U
SN1987A,46854.13,4.49,V
SN1987A,46854.2,4.96,B
SN1987A,46854.2,5.35,U
SN1987A,46854.2,4.43,V
SN1987A,46854.86,5.1,B
SN1987A,46854.86,3.91,I
SN1987A,46854.86,4.05,R
SN1987A,46854.86,5.76,U
SN1987A,46854.86,4.45,V
SN1987A,46855.03,5.11,B
SN1987A,46855.03,5.89,U
SN1987A,46855.03,4.46,V
SN1987A,46855.07,5.09,B
SN1987A,46855.07,5.87,U
SN1987A,46855.07,4.45,V
SN1987A,46855.14,5.18,B
SN1987A,46855.14,5.97,U
SN1987A,46855.14,4.5,V
SN1987A,46855.2,5.15,B
SN1987A,46855.2,5.18,B
SN1987A,46855.2,3.89,I
SN1987A,46855.2,4.09,R
SN1987A,46855.2,5.87,U
SN1987A,46855.2,5.98,U
SN1987A,46855.2,4.47,V
SN1987A,46855.2,4.5,V
SN1987A,46855.85,5.24,B
SN1987A,46855.85,3.88,I
SN1987A,46855.85,4.05,R
SN1987A,46855.85,6.19,U
SN1987A,46855.85,4.47,V
SN1987A,46856.02,5.26,B
SN1987A,46856.02,6.32,U
SN1987A,46856.02,4.5,V
SN1987A,46856.08,5.25,B
SN1987A,46856.08,6.31,U
SN1987A,46856.08,4.45,V
SN1987A,46856.1,5.26,B
SN1987A,46856.1,3.84,I
SN1987A,46856.1,4.08,R
SN1987A,46856.1,6.21,U
SN1987A,46856.1,4.45,V
SN1987A,46856.14,5.3,B
SN1987A,46856.14,6.38,U
SN1987A,46856.14,4.52,V
SN1987A,46856.19,5.32,B
SN1987A,46856.19,6.38,U
SN1987A,46856.19,4.52,V
SN1987A,46857.1,5.36,B
SN1987A,46857.1,3.78,I
SN1987A,46857.1,4.05,R
SN1987A,46857.1,6.51,U
SN1987A,46857.1,4.42,V
SN1987A,46857.12,5.4,B
SN1987A,46857.12,6.66,U
SN1987A,46857.12,4.51,V
SN1987A,46857.79,5.41,B
SN1987A,46857.79,3.79,I
SN1987A,46857.79,4,R
SN1987A,46857.79,6.74,U
SN1987A,46857.79,4.44,V
SN1987A,46857.8,5.41,B
SN1987A,46857.8,3.79,I
SN1987A,46857.8,4,R
SN1987A,46857.8,6.73,U
SN1987A,46857.8,4.44,V
SN1987A,46858.0,5.43,B
SN1987A,46858.0,3.73,I
SN1987A,46858.0,4.03,R
SN1987A,46858.0,6.74,U
SN1987A,46858.0,4.42,V
SN1987A,46858.12,5.46,B
SN1987A,46858.12,6.87,U
SN1987A,46858.12,4.47,V
SN1987A,46858.94,5.48,B
SN1987A,46858.94,3.72,I
SN1987A,46858.94,3.96,R
SN1987A,46858.94,6.93,U
SN1987A,46858.94,4.41,V
SN1987A,46859.0,5.49,B
SN1987A,46859.0,3.68,I
SN1987A,46859.0,3.97,R
SN1987A,46859.0,6.94,U
SN1987A,46859.0,4.39,V
SN1987A,46859.1,5.5,B
SN1987A,46859.1,3.82,I
SN1987A,46859.1,3.95,R
SN1987A,46859.1,7.05,U
SN1987A,46859.1,4.42,V
SN1987A,46859.48,5.51,B
SN1987A,46859.48,6.99,U
SN1987A,46859.48,4.36,V
SN1987A,46859.64,5.52,B
SN1987A,46859.64,6.9,U
SN1987A,46859.64,4.39,V
SN1987A,46859.77,5.55,B
SN1987A,46859.77,3.68,I
SN1987A,46859.77,3.94,R
SN1987A,46859.77,7.09,U
SN1987A,46859.77,4.4,V
SN1987A,46859.9,5.54,B
SN1987A,46859.9,3.67,I
SN1987A,46859.9,3.91,R
SN1987A,46859.9,7.09,U
SN1987A,46859.9,4.38,V
SN1987A,46860.0,5.54,B
SN1987A,46860.0,3.62,I
SN1987A,46860.0,3.94,R
SN1987A,46860.0,7.06,U
SN1987A,46860.0,4.36,V
SN1987A,46860.1,5.55,B
SN1987A,46860.1,3.76,I
SN1987A,46860.1,3.9,R
SN1987A,46860.1,7.18,U
SN1987A,46860.1,4.38,V
SN1987A,46860.76,5.57,B
SN1987A,46860.76,3.62,I
SN1987A,46860.76,3.89,R
SN1987A,46860.76,7.24,U
SN1987A,46860.76,4.36,V
SN1987A,46861.1,5.58,B
SN1987A,46861.1,4.35,V
SN1987A,46861.77,5.6,B
SN1987A,46861.77,3.56,I
SN1987A,46861.77,3.84,R
SN1987A,46861.77,7.32,U
SN1987A,46861.77,4.32,V
SN1987A,46862.1,5.64,B
SN1987A,46862.1,4.33,V
SN1987A,46862.9,5.62,B
SN1987A,46862.9,3.5,I
SN1987A,46862.9,3.81,R
SN1987A,46862.9,7.38,U
SN1987A,46862.9,4.3,V
SN1987A,46863.1,5.64,B
SN1987A,46863.1,5.65,B
SN1987A,46863.1,3.47,I
SN1987A,46863.1,3.61,I
SN1987A,46863.1,3.79,R
SN1987A,46863.1,3.8,R
SN1987A,46863.1,7.42,U
SN1987A,46863.1,7.46,U
SN1987A,46863.1,4.28,V
SN1987A,46863.1,4.3,V
SN1987A,46863.75,5.65,B
SN1987A,46863.75,3.47,I
SN1987A,46863.75,3.78,R
SN1987A,46863.75,7.47,U
SN1987A,46863.75,4.28,V
SN1987A,46864.1,5.66,B
SN1987A,46864.1,3.57,I
SN1987A,46864.1,3.76,R
SN1987A,46864.1,7.51,U
SN1987A,46864.1,4.28,V
SN1987A,46864.75,5.66,B
SN1987A,46864.75,3.41,I
SN1987A,46864.75,3.75,R
SN1987A,46864.75,7.53,U
SN1987A,46864.75,4.27,V
SN1987A,46865.0,5.7,B
SN1987A,46865.0,3.39,I
SN1987A,46865.0,3.73,R
SN1987A,46865.0,7.58,U
SN1987A,46865.0,4.25,V
SN1987A,46865.1,5.68,B
SN1987A,46865.1,3.52,I
SN1987A,46865.1,3.72,R
SN1987A,46865.1,7.57,U
SN1987A,46865.1,4.26,V
SN1987A,46865.75,5.67,B
SN1987A,46865.75,3.36,I
SN1987A,46865.75,3.72,R
SN1987A,46865.75,7.58,U
SN1987A,46865.75,4.25,V
SN1987A,46866.1,5.69,B
SN1987A,46866.1,3.46,I
SN1987A,46866.1,3.69,R
SN1987A,46866.1,7.62,U
SN1987A,46866.1,4.23,V
SN1987A,46866.75,5.69,B
SN1987A,46866.75,3.33,I
SN1987A,46866.75,3.68,R
SN1987A,46866.75,7.61,U
SN1987A,46866.75,4.23,V
SN1987A,46866.91,5.69,B
SN1987A,46866.91,3.33,I
SN1987A,46866.91,3.68,R
SN1987A,46866.91,7.61,U
SN1987A,46866.91,4.23,V
SN1987A,46867.75,5.68,B
SN1987A,46867.75,3.27,I
SN1987A,46867.75,3.66,R
SN1987A,46867.75,7.66,U
SN1987A,46867.75,4.22,V
SN1987A,46868.1,5.67,B
SN1987A,46868.1,3.3,I
SN1987A,46868.1,3.56,R
SN1987A,46868.1,7.62,U
SN1987A,46868.1,4.18,V
SN1987A,46869.1,5.72,B
SN1987A,46869.1,3.36,I
SN1987A,46869.1,3.61,R
SN1987A,46869.1,7.76,U
SN1987A,46869.1,4.2,V
SN1987A,46870.1,5.69,B
SN1987A,46870.1,5.71,B
SN1987A,46870.1,3.3,I
SN1987A,46870.1,3.58,R
SN1987A,46870.1,7.73,U
SN1987A,46870.1,7.79,U
SN1987A,46870.1,4.18,V
SN1987A,46870.1,4.19,V
SN1987A,46870.77,5.69,B
SN1987A,46870.77,3.16,I
SN1987A,46870.77,3.56,R
SN1987A,46870.77,7.74,U
SN1987A,46870.77,4.18,V
SN1987A,46871.75,5.68,B
SN1987A,46871.75,3.14,I
SN1987A,46871.75,3.53,R
SN1987A,46871.75,7.76,U
SN1987A,46871.75,4.16,V
SN1987A,46872.75,5.67,B
SN1987A,46872.75,3.11,I
SN1987A,46872.75,3.5,R
SN1987A,46872.75,7.78,U
SN1987A,46872.75,4.13,V
SN1987A,46873.1,5.66,B
SN1987A,46873.1,5.68,B
SN1987A,46873.1,3.17,I
SN1987A,46873.1,3.47,R
SN1987A,46873.1,7.74,U
SN1987A,46873.1,4.12,V
SN1987A,46873.1,4.13,V
SN1987A,46873.75,5.66,B
SN1987A,46873.75,3.06,I
SN1987A,46873.75,3.45,R
SN1987A,46873.75,7.78,U
SN1987A,46873.75,4.1,V
SN1987A,46873.88,5.67,B
SN1987A,46873.88,3.05,I
SN1987A,46873.88,3.46,R
SN1987A,46873.88,7.77,U
SN1987A,46873.88,4.11,V
SN1987A,46874.1,5.65,B
SN1987A,46874.1,5.7,B
SN1987A,46874.1,3.14,I
SN1987A,46874.1,3.44,R
SN1987A,46874.1,7.76,U
SN1987A,46874.1,7.8,U
SN1987A,46874.1,4.1,V
SN1987A,46874.1,4.12,V
SN1987A,46874.75,5.65,B
SN1987A,46874.75,3.03,I
SN1987A,46874.75,3.42,R
SN1987A,46874.75,7.8,U
SN1987A,46874.75,4.09,V
SN1987A,46875.1,5.64,B
SN1987A,46875.1,5.69,B
SN1987A,46875.1,3.1,I
SN1987A,46875.1,3.4,R
SN1987A,46875.1,7.75,U
SN1987A,46875.1,7.78,U
SN1987A,46875.1,4.08,V
SN1987A,46875.1,4.09,V
SN1987A,46875.75,5.65,B
SN1987A,46875.75,3,I
SN1987A,46875.75,3.4,R
SN1987A,46875.75,7.8,U
SN1987A,46875.75,4.07,V
SN1987A,46876.1,5.61,B
SN1987A,46876.1,5.68,B
SN1987A,46876.1,2.91,I
SN1987A,46876.1,3.08,I
SN1987A,46876.1,3.38,R
SN1987A,46876.1,3.39,R
SN1987A,46876.1,7.74,U
SN1987A,46876.1,7.77,U
SN1987A,46876.1,4.07,V
SN1987A,46876.1,4.08,V
SN1987A,46876.74,5.64,B
SN1987A,46876.74,2.98,I
SN1987A,46876.74,3.39,R
SN1987A,46876.74,7.79,U
SN1987A,46876.74,4.06,V
SN1987A,46877.75,5.61,B
SN1987A,46877.75,2.95,I
SN1987A,46877.75,3.35,R
SN1987A,46877.75,7.8,U
SN1987A,46877.75,4.04,V
SN1987A,46878.76,5.59,B
SN1987A,46878.76,2.92,I
SN1987A,46878.76,3.31,R
SN1987A,46878.76,7.78,U
SN1987A,46878.76,4.01,V
SN1987A,46879.75,5.58,B
SN1987A,46879.75,2.9,I
SN1987A,46879.75,3.3,R
SN1987A,46879.75,7.81,U
SN1987A,46879.75,3.99,V
SN1987A,46880.75,5.56,B
SN1987A,46880.75,2.87,I
SN1987A,46880.75,3.27,R
SN1987A,46880.75,7.8,U
SN1987A,46880.75,3.97,V
SN1987A,46881.74,5.54,B
SN1987A,46881.74,2.84,I
SN1987A,46881.74,3.23,R
SN1987A,46881.74,7.8,U
SN1987A,46881.74,3.94,V
SN1987A,46883.81,5.48,B
SN1987A,46883.81,2.79,I
SN1987A,46883.81,3.17,R
SN1987A,46883.81,7.78,U
SN1987A,46883.81,3.88,V
SN1987A,46884.75,5.46,B
SN1987A,46884.75,2.76,I
SN1987A,46884.75,3.15,R
SN1987A,46884.75,7.79,U
SN1987A,46884.75,3.86,V
SN1987A,46885.83,5.45,B
SN1987A,46885.83,2.75,I
SN1987A,46885.83,3.11,R
SN1987A,46885.83,7.74,U
SN1987A,46885.83,3.82,V
SN1987A,46885.84,5.45,B
SN1987A,46885.84,2.74,I
SN1987A,46885.84,3.1,R
SN1987A,46885.84,7.75,U
SN1987A,46885.84,3.81,V
SN1987A,46886.75,5.4,B
SN1987A,46886.75,2.7,I
SN1987A,46886.75,3.08,R
SN1987A,46886.75,7.77,U
SN1987A,46886.75,3.79,V
SN1987A,46887.74,5.39,B
SN1987A,46887.74,2.68,I
SN1987A,46887.74,3.04,R
SN1987A,46887.74,7.78,U
SN1987A,46887.74,3.76,V
SN1987A,46889.81,5.32,B
SN1987A,46889.81,2.61,I
SN1987A,46889.81,2.98,R
SN1987A,46889.81,7.75,U
SN1987A,46889.81,3.71,V
SN1987A,46890.89,5.25,B
SN1987A,46890.89,2.57,I
SN1987A,46890.89,2.94,R
SN1987A,46890.89,7.71,U
SN1987A,46890.89,3.66,V
SN1987A,46891.75,5.25,B
SN1987A,46891.75,2.54,I
SN1987A,46891.75,2.93,R
SN1987A,46891.75,7.77,U
SN1987A,46891.75,3.63,V
SN1987A,46892.84,5.22,B
SN1987A,46892.84,2.53,I
SN1987A,46892.84,7.75,U
SN1987A,46892.84,3.59,V
SN1987A,46893.75,5.21,B
SN1987A,46893.75,2.5,I
SN1987A,46893.75,2.88,R
SN1987A,46893.75,7.76,U
SN1987A,46893.75,3.58,V
SN1987A,46894.75,5.19,B
SN1987A,46894.75,2.48,I
SN1987A,46894.75,2.85,R
SN1987A,46894.75,7.75,U
SN1987A,46894.75,3.54,V
SN1987A,46896.75,5.13,B
SN1987A,46896.75,2.42,I
SN1987A,46896.75,2.8,R
SN1987A,46896.75,7.71,U
SN1987A,46896.75,3.49,V
SN1987A,46897.75,5.09,B
SN1987A,46897.75,2.4,I
SN1987A,46897.75,2.77,R
SN1987A,46897.75,7.68,U
SN1987A,46897.75,3.47,V
SN1987A,46898.74,5.07,B
SN1987A,46898.74,2.38,I
SN1987A,46898.74,2.74,R
SN1987A,46898.74,7.66,U
SN1987A,46898.74,3.43,V
SN1987A,46900.74,2.3080,I
SN1987A,46900.74,2.31,I
SN1987A,46900.74,2.6890,R
SN1987A,46900.74,2.69,R
SN1987A,46900.74,3.34,V
SN1987A,46900.74,3.3430,V
SN1987A,46901.4,4.93,B
SN1987A,46901.4,3.24,V
SN1987A,46901.73,2.27,I
SN1987A,46901.73,2.2750,I
SN1987A,46901.73,2.6760,R
SN1987A,46901.73,2.68,R
SN1987A,46901.73,3.33,V
SN1987A,46901.73,3.3350,V
SN1987A,46902.74,4.95,B
SN1987A,46902.74,4.9520,B
SN1987A,46902.74,2.2560,I
SN1987A,46902.74,2.26,I
SN1987A,46902.74,2.6690,R
SN1987A,46902.74,2.67,R
SN1987A,46902.74,7.5760,U
SN1987A,46902.74,7.58,U
SN1987A,46902.74,3.32,V
SN1987A,46902.74,3.3240,V
SN1987A,46903.44,4.86,B
SN1987A,46903.44,3.19,V
SN1987A,46903.84,4.91,B
SN1987A,46903.84,4.9110,B
SN1987A,46903.84,2.2190,I
SN1987A,46903.84,2.22,I
SN1987A,46903.84,2.6370,R
SN1987A,46903.84,2.64,R
SN1987A,46903.84,7.5180,U
SN1987A,46903.84,7.52,U
SN1987A,46903.84,3.28,V
SN1987A,46903.84,3.2850,V
SN1987A,46904.0,4.95,B
SN1987A,46904.0,2.33,I
SN1987A,46904.0,2.6,R
SN1987A,46904.0,7.6,U
SN1987A,46904.0,3.3,V
SN1987A,46905.46,4.77,B
SN1987A,46905.46,3.15,V
SN1987A,46905.79,4.8600,B
SN1987A,46905.79,4.86,B
SN1987A,46905.79,2.1880,I
SN1987A,46905.79,2.19,I
SN1987A,46905.79,2.6,R
SN1987A,46905.79,2.6020,R
SN1987A,46905.79,7.47,U
SN1987A,46905.79,7.4720,U
SN1987A,46905.79,3.25,V
SN1987A,46905.79,3.2520,V
SN1987A,46906.46,4.79,B
SN1987A,46906.46,3.15,V
SN1987A,46906.74,4.8500,B
SN1987A,46906.74,4.85,B
SN1987A,46906.74,2.1660,I
SN1987A,46906.74,2.17,I
SN1987A,46906.74,2.5800,R
SN1987A,46906.74,2.58,R
SN1987A,46906.74,7.47,U
SN1987A,46906.74,7.4730,U
SN1987A,46906.74,3.2290,V
SN1987A,46906.74,3.23,V
SN1987A,46908.73,4.79,B
SN1987A,46908.73,4.7930,B
SN1987A,46908.73,2.1270,I
SN1987A,46908.73,2.13,I
SN1987A,46908.73,2.53,R
SN1987A,46908.73,2.5350,R
SN1987A,46908.73,7.4,U
SN1987A,46908.73,7.4010,U
SN1987A,46908.73,3.1780,V
SN1987A,46908.73,3.18,V
SN1987A,46909.73,4.77,B
SN1987A,46909.73,4.7710,B
SN1987A,46909.73,2.0990,I
SN1987A,46909.73,2.1,I
SN1987A,46909.73,2.51,R
SN1987A,46909.73,2.5140,R
SN1987A,46909.73,7.3790,U
SN1987A,46909.73,7.38,U
SN1987A,46909.73,3.1580,V
SN1987A,46909.73,3.16,V
SN1987A,46910.47,4.72,B
SN1987A,46910.47,3.12,V
SN1987A,46910.74,4.7460,B
SN1987A,46910.74,4.75,B
SN1987A,46910.74,2.08,I
SN1987A,46910.74,2.0840,I
SN1987A,46910.74,2.49,R
SN1987A,46910.74,2.4950,R
SN1987A,46910.74,7.3430,U
SN1987A,46910.74,7.35,U
SN1987A,46910.74,3.1400,V
SN1987A,46910.74,3.14,V
SN1987A,46911.73,4.7490,B
SN1987A,46911.73,4.75,B
SN1987A,46911.73,2.0780,I
SN1987A,46911.73,2.08,I
SN1987A,46911.73,2.49,R
SN1987A,46911.73,2.4910,R
SN1987A,46911.73,7.34,U
SN1987A,46911.73,7.3410,U
SN1987A,46911.73,3.1290,V
SN1987A,46911.73,3.13,V
SN1987A,46913.73,4.7100,B
SN1987A,46913.73,4.71,B
SN1987A,46913.73,2.0900,I
SN1987A,46913.73,2.09,I
SN1987A,46913.73,2.4700,R
SN1987A,46913.73,2.47,R
SN1987A,46913.73,3.1100,V
SN1987A,46913.73,3.11,V
SN1987A,46915.74,4.6000,B
SN1987A,46915.74,4.6,B
SN1987A,46915.74,2.0100,I
SN1987A,46915.74,2.01,I
SN1987A,46915.74,2.4100,R
SN1987A,46915.74,2.41,R
SN1987A,46915.74,7.1500,U
SN1987A,46915.74,7.15,U
SN1987A,46915.74,3.0300,V
SN1987A,46915.74,3.03,V
SN1987A,46916.72,4.6300,B
SN1987A,46916.72,4.63,B
SN1987A,46916.72,2.0200,I
SN1987A,46916.72,2.02,I
SN1987A,46916.72,2.4200,R
SN1987A,46916.72,2.42,R
SN1987A,46916.72,7.1900,U
SN1987A,46916.72,7.19,U
SN1987A,46916.72,3.0400,V
SN1987A,46916.72,3.04,V
SN1987A,46917.73,4.6500,B
SN1987A,46917.73,4.65,B
SN1987A,46917.73,2.0400,I
SN1987A,46917.73,2.04,I
SN1987A,46917.73,2.4200,R
SN1987A,46917.73,2.42,R
SN1987A,46917.73,7.2000,U
SN1987A,46917.73,7.2,U
SN1987A,46917.73,3.0400,V
SN1987A,46917.73,3.04,V
SN1987A,46918.72,4.6200,B
SN1987A,46918.72,4.62,B
SN1987A,46918.72,1.9900,I
SN1987A,46918.72,1.99,I
SN1987A,46918.72,2.3800,R
SN1987A,46918.72,2.38,R
SN1987A,46918.72,7.1700,U
SN1987A,46918.72,7.17,U
SN1987A,46918.72,3.0300,V
SN1987A,46918.72,3.03,V
SN1987A,46922.72,4.57,B
SN1987A,46922.72,1.96,I
SN1987A,46922.72,2.33,R
SN1987A,46922.72,7.09,U
SN1987A,46922.72,3,V
SN1987A,46922.73,4.5720,B
SN1987A,46922.73,1.9560,I
SN1987A,46922.73,2.3260,R
SN1987A,46922.73,7.0950,U
SN1987A,46922.73,2.9980,V
SN1987A,46923.75,4.5300,B
SN1987A,46923.75,4.53,B
SN1987A,46923.75,1.9200,I
SN1987A,46923.75,1.92,I
SN1987A,46923.75,2.3000,R
SN1987A,46923.75,2.3,R
SN1987A,46923.75,7.0800,U
SN1987A,46923.75,7.08,U
SN1987A,46923.75,2.9600,V
SN1987A,46923.75,2.96,V
SN1987A,46924.76,4.5300,B
SN1987A,46924.76,4.53,B
SN1987A,46924.76,1.9100,I
SN1987A,46924.76,1.91,I
SN1987A,46924.76,2.2790,R
SN1987A,46924.76,2.28,R
SN1987A,46924.76,7.0500,U
SN1987A,46924.76,7.05,U
SN1987A,46924.76,2.9500,V
SN1987A,46924.76,2.95,V
SN1987A,46929.79,4.5300,B
SN1987A,46929.79,1.9200,I
SN1987A,46929.79,2.2700,R
SN1987A,46929.79,7.0400,U
SN1987A,46929.79,2.9600,V
SN1987A,46929.8,4.53,B
SN1987A,46929.8,1.92,I
SN1987A,46929.8,2.27,R
SN1987A,46929.8,7.04,U
SN1987A,46929.8,2.96,V
SN1987A,46931.72,4.53,B
SN1987A,46931.72,4.5330,B
SN1987A,46931.72,1.93,I
SN1987A,46931.72,1.9350,I
SN1987A,46931.72,2.2790,R
SN1987A,46931.72,2.28,R
SN1987A,46931.72,7.0560,U
SN1987A,46931.72,7.06,U
SN1987A,46931.72,2.96,V
SN1987A,46931.72,2.9630,V
SN1987A,46933.71,4.5470,B
SN1987A,46933.71,4.55,B
SN1987A,46933.71,1.9,I
SN1987A,46933.71,1.9050,I
SN1987A,46933.71,2.29,R
SN1987A,46933.71,2.2910,R
SN1987A,46933.71,7.06,U
SN1987A,46933.71,7.0630,U
SN1987A,46933.71,2.96,V
SN1987A,46933.71,2.9650,V
SN1987A,46934.72,4.54,B
SN1987A,46934.72,1.91,I
SN1987A,46934.72,2.28,R
SN1987A,46934.72,7.04,U
SN1987A,46934.72,2.96,V
SN1987A,46934.73,4.5380,B
SN1987A,46934.73,1.9090,I
SN1987A,46934.73,2.2850,R
SN1987A,46934.73,7.0380,U
SN1987A,46934.73,2.9640,V
SN1987A,46935.71,4.54,B
SN1987A,46935.71,4.5440,B
SN1987A,46935.71,1.9090,I
SN1987A,46935.71,1.91,I
SN1987A,46935.71,2.28,R
SN1987A,46935.71,2.2830,R
SN1987A,46935.71,7.0550,U
SN1987A,46935.71,7.06,U
SN1987A,46935.71,2.97,V
SN1987A,46935.71,2.9740,V
SN1987A,46940.71,4.54,B
SN1987A,46940.71,4.5420,B
SN1987A,46940.71,1.9160,I
SN1987A,46940.71,1.92,I
SN1987A,46940.71,2.2990,R
SN1987A,46940.71,2.3,R
SN1987A,46940.71,7.0560,U
SN1987A,46940.71,7.06,U
SN1987A,46940.71,2.9800,V
SN1987A,46940.71,2.98,V
SN1987A,46941.72,4.5520,B
SN1987A,46941.72,4.57,B
SN1987A,46941.72,1.9220,I
SN1987A,46941.72,1.94,I
SN1987A,46941.72,2.2820,R
SN1987A,46941.72,2.3,R
SN1987A,46941.72,7.0590,U
SN1987A,46941.72,7.08,U
SN1987A,46941.72,2.9620,V
SN1987A,46941.72,2.98,V
SN1987A,46942.7,4.61,B
SN1987A,46942.70,4.6110,B
SN1987A,46942.7,1.92,I
SN1987A,46942.70,1.9230,I
SN1987A,46942.7,2.3,R
SN1987A,46942.70,2.3050,R
SN1987A,46942.70,7.1180,U
SN1987A,46942.7,7.12,U
SN1987A,46942.7,3.02,V
SN1987A,46942.70,3.0240,V
SN1987A,46946.71,4.7,B
SN1987A,46946.71,4.7040,B
SN1987A,46946.71,1.9580,I
SN1987A,46946.71,1.96,I
SN1987A,46946.71,2.39,R
SN1987A,46946.71,2.3910,R
SN1987A,46946.71,7.1990,U
SN1987A,46946.71,7.2,U
SN1987A,46946.71,3.11,V
SN1987A,46946.71,3.1130,V
SN1987A,46948.71,4.7790,B
SN1987A,46948.71,4.78,B
SN1987A,46948.71,2.0060,I
SN1987A,46948.71,2.01,I
SN1987A,46948.71,2.4260,R
SN1987A,46948.71,2.43,R
SN1987A,46948.71,7.27,U
SN1987A,46948.71,7.2740,U
SN1987A,46948.71,3.1460,V
SN1987A,46948.71,3.15,V
SN1987A,46951.69,4.9100,B
SN1987A,46951.69,2.0610,I
SN1987A,46951.69,2.5020,R
SN1987A,46951.69,7.4020,U
SN1987A,46951.69,3.2680,V
SN1987A,46951.7,4.91,B
SN1987A,46951.7,2.06,I
SN1987A,46951.7,2.5,R
SN1987A,46951.7,7.4,U
SN1987A,46951.7,3.27,V
SN1987A,46953.69,5.0070,B
SN1987A,46953.69,5.01,B
SN1987A,46953.69,2.1300,I
SN1987A,46953.69,2.13,I
SN1987A,46953.69,2.5490,R
SN1987A,46953.69,2.55,R
SN1987A,46953.69,7.5080,U
SN1987A,46953.69,7.51,U
SN1987A,46953.69,3.34,V
SN1987A,46953.69,3.3450,V
SN1987A,46954.7,5.07,B
SN1987A,46954.70,5.0740,B
SN1987A,46954.7,2.17,I
SN1987A,46954.70,2.1730,I
SN1987A,46954.70,2.5900,R
SN1987A,46954.7,2.59,R
SN1987A,46954.70,7.5800,U
SN1987A,46954.7,7.58,U
SN1987A,46954.70,3.3970,V
SN1987A,46954.7,3.4,V
SN1987A,46958.70,5.2790,B
SN1987A,46958.7,5.28,B
SN1987A,46958.7,2.32,I
SN1987A,46958.70,2.3210,I
SN1987A,46958.7,2.77,R
SN1987A,46958.70,2.7710,R
SN1987A,46958.7,7.81,U
SN1987A,46958.70,7.8110,U
SN1987A,46958.7,3.59,V
SN1987A,46958.70,3.5930,V
SN1987A,46960.70,5.4270,B
SN1987A,46960.7,5.43,B
SN1987A,46960.70,2.4190,I
SN1987A,46960.7,2.42,I
SN1987A,46960.70,2.8480,R
SN1987A,46960.7,2.85,R
SN1987A,46960.70,7.9570,U
SN1987A,46960.7,7.96,U
SN1987A,46960.70,3.7470,V
SN1987A,46960.7,3.75,V
SN1987A,46961.69,5.4870,B
SN1987A,46961.69,5.49,B
SN1987A,46961.69,2.5,I
SN1987A,46961.69,2.5010,I
SN1987A,46961.69,2.94,R
SN1987A,46961.69,2.9430,R
SN1987A,46961.69,7.98,U
SN1987A,46961.69,7.9820,U
SN1987A,46961.69,3.7770,V
SN1987A,46961.69,3.78,V
SN1987A,46964.71,5.6660,B
SN1987A,46964.71,5.67,B
SN1987A,46964.71,2.57,I
SN1987A,46964.71,2.5730,I
SN1987A,46964.71,3.06,R
SN1987A,46964.71,3.0640,R
SN1987A,46964.71,8.2,U
SN1987A,46964.71,8.2050,U
SN1987A,46964.71,3.9690,V
SN1987A,46964.71,3.97,V
SN1987A,46965.17,5.7070,B
SN1987A,46965.17,5.71,B
SN1987A,46965.17,2.64,I
SN1987A,46965.17,2.6440,I
SN1987A,46965.17,3.1,R
SN1987A,46965.17,3.1050,R
SN1987A,46965.17,8.23,U
SN1987A,46965.17,8.2320,U
SN1987A,46965.17,4.0080,V
SN1987A,46965.17,4.01,V
SN1987A,46965.7,5.73,B
SN1987A,46965.70,5.7310,B
SN1987A,46965.70,2.6600,I
SN1987A,46965.7,2.66,I
SN1987A,46965.7,3.14,R
SN1987A,46965.70,3.1410,R
SN1987A,46965.7,8.26,U
SN1987A,46965.70,8.2640,U
SN1987A,46965.7,4.04,V
SN1987A,46965.70,4.0420,V
SN1987A,46966.17,5.7560,B
SN1987A,46966.17,5.76,B
SN1987A,46966.17,2.67,I
SN1987A,46966.17,2.6730,I
SN1987A,46966.17,3.1500,R
SN1987A,46966.17,3.15,R
SN1987A,46966.17,8.3,U
SN1987A,46966.17,8.3040,U
SN1987A,46966.17,4.0470,V
SN1987A,46966.17,4.05,V
SN1987A,46966.70,5.7890,B
SN1987A,46966.7,5.79,B
SN1987A,46966.7,2.7,I
SN1987A,46966.70,2.7020,I
SN1987A,46966.7,3.18,R
SN1987A,46966.70,3.1830,R
SN1987A,46966.7,8.33,U
SN1987A,46966.70,8.3330,U
SN1987A,46966.7,4.08,V
SN1987A,46966.70,4.0830,V
SN1987A,46967.17,5.7990,B
SN1987A,46967.17,5.8,B
SN1987A,46967.17,2.7300,I
SN1987A,46967.17,2.73,I
SN1987A,46967.17,3.2,R
SN1987A,46967.17,3.2020,R
SN1987A,46967.17,8.3690,U
SN1987A,46967.17,8.37,U
SN1987A,46967.17,4.1080,V
SN1987A,46967.17,4.11,V
SN1987A,46967.69,5.83,B
SN1987A,46967.69,5.8330,B
SN1987A,46967.69,2.7380,I
SN1987A,46967.69,2.74,I
SN1987A,46967.69,3.2170,R
SN1987A,46967.69,3.22,R
SN1987A,46967.69,8.38,U
SN1987A,46967.69,8.3850,U
SN1987A,46967.69,4.1370,V
SN1987A,46967.69,4.14,V
SN1987A,46970.18,5.91,B
SN1987A,46970.18,5.9140,B
SN1987A,46970.18,2.81,I
SN1987A,46970.18,2.8120,I
SN1987A,46970.18,3.3060,R
SN1987A,46970.18,3.31,R
SN1987A,46970.18,8.5390,U
SN1987A,46970.18,8.54,U
SN1987A,46970.18,4.21,V
SN1987A,46970.18,4.2140,V
SN1987A,46971.71,5.94,B
SN1987A,46971.71,2.84,I
SN1987A,46971.71,3.33,R
SN1987A,46971.71,8.53,U
SN1987A,46971.71,4.26,V
SN1987A,46971.72,5.9400,B
SN1987A,46971.72,2.8400,I
SN1987A,46971.72,3.3300,R
SN1987A,46971.72,8.5300,U
SN1987A,46971.72,4.2600,V
SN1987A,46975.18,6,B
SN1987A,46975.18,6.0050,B
SN1987A,46975.18,2.86,I
SN1987A,46975.18,2.8650,I
SN1987A,46975.18,3.3780,R
SN1987A,46975.18,3.38,R
SN1987A,46975.18,8.63,U
SN1987A,46975.18,8.6340,U
SN1987A,46975.18,4.31,V
SN1987A,46975.18,4.3140,V
SN1987A,46977.70,6.0490,B
SN1987A,46977.7,6.05,B
SN1987A,46977.70,2.9060,I
SN1987A,46977.7,2.91,I
SN1987A,46977.70,3.4090,R
SN1987A,46977.7,3.41,R
SN1987A,46977.70,8.6360,U
SN1987A,46977.7,8.64,U
SN1987A,46977.7,4.35,V
SN1987A,46977.70,4.3550,V
SN1987A,46979.71,6.0660,B
SN1987A,46979.71,6.07,B
SN1987A,46979.71,2.92,I
SN1987A,46979.71,2.9210,I
SN1987A,46979.71,3.4180,R
SN1987A,46979.71,3.42,R
SN1987A,46979.71,8.6460,U
SN1987A,46979.71,8.65,U
SN1987A,46979.71,4.3600,V
SN1987A,46979.71,4.36,V
SN1987A,46980.18,6.0790,B
SN1987A,46980.18,6.08,B
SN1987A,46980.18,2.95,I
SN1987A,46980.18,2.9530,I
SN1987A,46980.18,3.45,R
SN1987A,46980.18,3.4530,R
SN1987A,46980.18,8.6690,U
SN1987A,46980.18,8.67,U
SN1987A,46980.18,4.3860,V
SN1987A,46980.18,4.39,V
SN1987A,46980.70,6.0780,B
SN1987A,46980.7,6.08,B
SN1987A,46980.70,2.9450,I
SN1987A,46980.7,2.95,I
SN1987A,46980.7,3.44,R
SN1987A,46980.70,3.4410,R
SN1987A,46980.7,8.65,U
SN1987A,46980.70,8.6510,U
SN1987A,46980.70,4.3960,V
SN1987A,46980.7,4.4,V
SN1987A,46981.18,6.0750,B
SN1987A,46981.18,2.9500,I
SN1987A,46981.18,3.4410,R
SN1987A,46981.18,8.6760,U
SN1987A,46981.18,4.3980,V
SN1987A,46981.71,6.0880,B
SN1987A,46981.71,6.09,B
SN1987A,46981.71,2.9470,I
SN1987A,46981.71,2.95,I
SN1987A,46981.71,3.45,R
SN1987A,46981.71,3.4550,R
SN1987A,46981.71,8.6660,U
SN1987A,46981.71,8.67,U
SN1987A,46981.71,4.3990,V
SN1987A,46981.71,4.4,V
SN1987A,46982.7,6.09,B
SN1987A,46982.70,6.0930,B
SN1987A,46982.70,2.9590,I
SN1987A,46982.7,2.96,I
SN1987A,46982.70,3.4470,R
SN1987A,46982.7,3.45,R
SN1987A,46982.70,8.6280,U
SN1987A,46982.7,8.63,U
SN1987A,46982.7,4.4,V
SN1987A,46982.70,4.4030,V
SN1987A,46983.18,6.0960,B
SN1987A,46983.18,6.1,B
SN1987A,46983.18,2.96,I
SN1987A,46983.18,2.9620,I
SN1987A,46983.18,3.4760,R
SN1987A,46983.18,3.48,R
SN1987A,46983.18,8.6860,U
SN1987A,46983.18,8.69,U
SN1987A,46983.18,4.4300,V
SN1987A,46983.18,4.43,V
SN1987A,46984.17,6.11,B
SN1987A,46984.17,2.98,I
SN1987A,46984.17,3.48,R
SN1987A,46984.17,8.71,U
SN1987A,46984.17,4.42,V
SN1987A,46985.18,6.11,B
SN1987A,46985.18,2.99,I
SN1987A,46985.18,3.49,R
SN1987A,46985.18,8.7,U
SN1987A,46985.18,4.44,V
SN1987A,46986.19,6.12,B
SN1987A,46986.19,2.99,I
SN1987A,46986.19,3.5,R
SN1987A,46986.19,8.7,U
SN1987A,46986.19,4.45,V
SN1987A,46989.16,6.14,B
SN1987A,46989.16,3.02,I
SN1987A,46989.16,3.52,R
SN1987A,46989.16,8.68,U
SN1987A,46989.16,4.47,V
SN1987A,46990.1,6.15,B
SN1987A,46990.1,3.02,I
SN1987A,46990.1,3.53,R
SN1987A,46990.1,8.69,U
SN1987A,46990.1,4.48,V
SN1987A,46991.18,6.17,B
SN1987A,46991.18,3.03,I
SN1987A,46991.18,3.54,R
SN1987A,46991.18,8.69,U
SN1987A,46991.18,4.51,V
SN1987A,46997.18,6.22,B
SN1987A,46997.18,3.1,I
SN1987A,46997.18,3.6,R
SN1987A,46997.18,8.72,U
SN1987A,46997.18,4.56,V
SN1987A,46998.17,6.23,B
SN1987A,46998.17,3.1,I
SN1987A,46998.17,3.61,R
SN1987A,46998.17,8.71,U
SN1987A,46998.17,4.58,V
SN1987A,46999.17,6.24,B
SN1987A,46999.17,3.11,I
SN1987A,46999.17,3.61,R
SN1987A,46999.17,8.7,U
SN1987A,46999.17,4.59,V
SN1987A,47000.16,6.25,B
SN1987A,47000.16,3.11,I
SN1987A,47000.16,3.62,R
SN1987A,47000.16,8.72,U
SN1987A,47000.16,4.6,V
SN1987A,47005.15,6.28,B
SN1987A,47005.15,3.16,I
SN1987A,47005.15,3.66,R
SN1987A,47005.15,8.68,U
SN1987A,47005.15,4.64,V
SN1987A,47006.14,6.3,B
SN1987A,47006.14,3.17,I
SN1987A,47006.14,3.66,R
SN1987A,47006.14,8.71,U
SN1987A,47006.14,4.66,V
SN1987A,47007.14,6.3,B
SN1987A,47007.14,3.18,I
SN1987A,47007.14,3.68,R
SN1987A,47007.14,8.71,U
SN1987A,47007.14,4.67,V
SN1987A,47009.14,6.33,B
SN1987A,47009.14,3.18,I
SN1987A,47009.14,3.7,R
SN1987A,47009.14,8.72,U
SN1987A,47009.14,4.7,V
SN1987A,47013.16,6.35,B
SN1987A,47013.16,3.22,I
SN1987A,47013.16,3.73,R
SN1987A,47013.16,8.75,U
SN1987A,47013.16,4.73,V
SN1987A,47014.17,6.35,B
SN1987A,47014.17,3.23,I
SN1987A,47014.17,3.74,R
SN1987A,47014.17,8.72,U
SN1987A,47014.17,4.73,V
SN1987A,47020.03,6.4,B
SN1987A,47020.03,3.28,I
SN1987A,47020.03,3.77,R
SN1987A,47020.03,8.71,U
SN1987A,47020.03,4.8,V
SN1987A,47021.07,6.4,B
SN1987A,47021.07,3.28,I
SN1987A,47021.07,3.79,R
SN1987A,47021.07,8.71,U
SN1987A,47021.07,4.8,V
SN1987A,47021.17,6.4,B
SN1987A,47021.17,3.29,I
SN1987A,47021.17,3.8,R
SN1987A,47021.17,8.71,U
SN1987A,47021.17,4.8,V
SN1987A,47022.05,6.41,B
SN1987A,47022.05,3.29,I
SN1987A,47022.05,3.8,R
SN1987A,47022.05,8.72,U
SN1987A,47022.05,4.82,V
SN1987A,47023.16,6.42,B
SN1987A,47023.16,3.29,I
SN1987A,47023.16,3.8,R
SN1987A,47023.16,8.72,U
SN1987A,47023.16,4.82,V
SN1987A,47025.07,6.42,B
SN1987A,47025.07,3.31,I
SN1987A,47025.07,3.83,R
SN1987A,47025.07,8.7,U
SN1987A,47025.07,4.84,V
SN1987A,47025.16,6.44,B
SN1987A,47025.16,3.3,I
SN1987A,47025.16,3.82,R
SN1987A,47025.16,8.71,U
SN1987A,47025.16,4.85,V
SN1987A,47027.16,6.46,B
SN1987A,47027.16,3.33,I
SN1987A,47027.16,3.83,R
SN1987A,47027.16,8.74,U
SN1987A,47027.16,4.86,V
SN1987A,47028.16,6.46,B
SN1987A,47028.16,3.33,I
SN1987A,47028.16,3.84,R
SN1987A,47028.16,8.74,U
SN1987A,47028.16,4.87,V
SN1987A,47031.12,6.48,B
SN1987A,47031.12,3.35,I
SN1987A,47031.12,3.87,R
SN1987A,47031.12,8.73,U
SN1987A,47031.12,4.9,V
SN1987A,47031.13,6.48,B
SN1987A,47031.13,3.36,I
SN1987A,47031.13,3.86,R
SN1987A,47031.13,8.73,U
SN1987A,47031.13,4.9,V
SN1987A,47033.11,6.5,B
SN1987A,47033.11,3.37,I
SN1987A,47033.11,3.9,R
SN1987A,47033.11,8.72,U
SN1987A,47033.11,4.92,V
SN1987A,47034.1,6.5,B
SN1987A,47034.1,3.38,I
SN1987A,47034.1,3.9,R
SN1987A,47034.1,8.73,U
SN1987A,47034.1,4.94,V
SN1987A,47037.38,6.5700,B
SN1987A,47037.38,3.5600,I
SN1987A,47037.38,3.9300,R
SN1987A,47037.38,8.1600,U
SN1987A,47037.38,5.0300,V
SN1987A,47037.39,6.5600,B
SN1987A,47037.39,3.5100,I
SN1987A,47037.39,3.9200,R
SN1987A,47037.39,8.1700,U
SN1987A,47037.39,5.0300,V
SN1987A,47037.40,6.5500,B
SN1987A,47037.40,3.5700,I
SN1987A,47037.40,3.9100,R
SN1987A,47037.40,8.7500,U
SN1987A,47037.40,5.0200,V
SN1987A,47040.16,6.53,B
SN1987A,47040.16,3.44,I
SN1987A,47040.16,3.94,R
SN1987A,47040.16,8.71,U
SN1987A,47040.16,4.98,V
SN1987A,47041.04,6.53,B
SN1987A,47041.04,3.42,I
SN1987A,47041.04,3.94,R
SN1987A,47041.04,8.7,U
SN1987A,47041.04,4.99,V
SN1987A,47041.37,6.6000,B
SN1987A,47041.37,3.6100,I
SN1987A,47041.37,3.6200,I
SN1987A,47041.37,3.9600,R
SN1987A,47041.37,8.7600,U
SN1987A,47041.37,5.0700,V
SN1987A,47041.37,5.0800,V
SN1987A,47041.39,6.5900,B
SN1987A,47041.39,3.6100,I
SN1987A,47041.39,3.9600,R
SN1987A,47041.39,8.7500,U
SN1987A,47041.39,5.0600,V
SN1987A,47042.99,6.55,B
SN1987A,47042.99,3.45,I
SN1987A,47042.99,3.95,R
SN1987A,47042.99,8.71,U
SN1987A,47042.99,5,V
SN1987A,47044.04,6.57,B
SN1987A,47044.04,3.45,I
SN1987A,47044.04,3.97,R
SN1987A,47044.04,8.71,U
SN1987A,47044.04,5.03,V
SN1987A,47044.13,6.6100,B
SN1987A,47044.13,3.6300,I
SN1987A,47044.13,3.9700,R
SN1987A,47044.13,8.1600,U
SN1987A,47044.13,5.1000,V
SN1987A,47044.33,6.6100,B
SN1987A,47044.33,3.6300,I
SN1987A,47044.33,3.9800,R
SN1987A,47044.33,8.7600,U
SN1987A,47044.33,5.1000,V
SN1987A,47044.34,6.6000,B
SN1987A,47044.34,3.6300,I
SN1987A,47044.34,3.9700,R
SN1987A,47044.34,8.7500,U
SN1987A,47044.34,5.1000,V
SN1987A,47044.97,6.58,B
SN1987A,47044.97,3.45,I
SN1987A,47044.97,3.97,R
SN1987A,47044.97,8.69,U
SN1987A,47044.97,5.03,V
SN1987A,47046.0,6.59,B
SN1987A,47046.0,3.45,I
SN1987A,47046.0,3.98,R
SN1987A,47046.0,8.71,U
SN1987A,47046.0,5.04,V
SN1987A,47047.03,6.59,B
SN1987A,47047.03,3.47,I
SN1987A,47047.03,3.99,R
SN1987A,47047.03,8.71,U
SN1987A,47047.03,5.06,V
SN1987A,47047.33,6.6300,B
SN1987A,47047.33,3.6700,I
SN1987A,47047.33,4.0100,R
SN1987A,47047.33,8.7300,U
SN1987A,47047.33,5.1300,V
SN1987A,47047.34,6.6300,B
SN1987A,47047.34,3.6800,I
SN1987A,47047.34,4.0200,R
SN1987A,47047.34,8.7500,U
SN1987A,47047.34,5.1400,V
SN1987A,47047.35,6.6300,B
SN1987A,47047.35,3.6900,I
SN1987A,47047.35,4.0200,R
SN1987A,47047.35,8.7400,U
SN1987A,47047.35,5.1300,V
SN1987A,47048.17,6.62,B
SN1987A,47048.17,3.49,I
SN1987A,47048.17,4.02,R
SN1987A,47048.17,8.74,U
SN1987A,47048.17,5.08,V
SN1987A,47049.05,6.61,B
SN1987A,47049.05,3.48,I
SN1987A,47049.05,4.01,R
SN1987A,47049.05,8.71,U
SN1987A,47049.05,5.07,V
SN1987A,47050.28,6.6400,B
SN1987A,47050.28,6.6600,B
SN1987A,47050.28,3.6900,I
SN1987A,47050.28,3.7100,I
SN1987A,47050.28,4.0100,R
SN1987A,47050.28,4.0300,R
SN1987A,47050.28,8.7300,U
SN1987A,47050.28,8.7500,U
SN1987A,47050.28,5.1500,V
SN1987A,47050.28,5.1600,V
SN1987A,47050.29,6.6400,B
SN1987A,47050.29,3.6900,I
SN1987A,47050.29,4.0200,R
SN1987A,47050.29,8.7300,U
SN1987A,47050.29,5.1500,V
SN1987A,47052.11,6.63,B
SN1987A,47052.11,3.51,I
SN1987A,47052.11,4.03,R
SN1987A,47052.11,8.68,U
SN1987A,47052.11,5.1,V
SN1987A,47054.13,6.65,B
SN1987A,47054.13,3.54,I
SN1987A,47054.13,4.06,R
SN1987A,47054.13,8.69,U
SN1987A,47054.13,5.13,V
SN1987A,47054.27,6.6600,B
SN1987A,47054.27,3.7200,I
SN1987A,47054.27,4.0400,R
SN1987A,47054.27,8.7400,U
SN1987A,47054.27,5.1900,V
SN1987A,47054.28,6.6800,B
SN1987A,47054.28,3.7200,I
SN1987A,47054.28,4.0600,R
SN1987A,47054.28,8.7500,U
SN1987A,47054.28,5.2000,V
SN1987A,47054.29,6.7200,B
SN1987A,47054.29,3.7200,I
SN1987A,47054.29,4.0700,R
SN1987A,47054.29,8.7600,U
SN1987A,47054.29,5.2100,V
SN1987A,47055.07,6.65,B
SN1987A,47055.07,3.54,I
SN1987A,47055.07,4.06,R
SN1987A,47055.07,8.69,U
SN1987A,47055.07,5.14,V
SN1987A,47056.12,6.66,B
SN1987A,47056.12,3.54,I
SN1987A,47056.12,4.07,R
SN1987A,47056.12,8.73,U
SN1987A,47056.12,5.16,V
SN1987A,47063.12,6.7,B
SN1987A,47063.12,3.59,I
SN1987A,47063.12,4.13,R
SN1987A,47063.12,8.69,U
SN1987A,47063.12,5.2,V
SN1987A,47064.29,6.7500,B
SN1987A,47064.29,3.8100,I
SN1987A,47064.29,4.1500,R
SN1987A,47064.29,8.7600,U
SN1987A,47064.29,5.3000,V
SN1987A,47064.30,6.7300,B
SN1987A,47064.30,3.8100,I
SN1987A,47064.30,4.1400,R
SN1987A,47064.30,8.7400,U
SN1987A,47064.30,5.3000,V
SN1987A,47064.31,6.7500,B
SN1987A,47064.31,3.8100,I
SN1987A,47064.31,4.1400,R
SN1987A,47064.31,8.7500,U
SN1987A,47064.31,5.2900,V
SN1987A,47068.01,6.73,B
SN1987A,47068.01,3.63,I
SN1987A,47068.01,4.15,R
SN1987A,47068.01,8.69,U
SN1987A,47068.01,5.25,V
SN1987A,47069.99,6.75,B
SN1987A,47069.99,3.66,I
SN1987A,47069.99,4.18,R
SN1987A,47069.99,8.69,U
SN1987A,47069.99,5.29,V
SN1987A,47071.06,6.76,B
SN1987A,47071.06,3.67,I
SN1987A,47071.06,4.19,R
SN1987A,47071.06,8.69,U
SN1987A,47071.06,5.29,V
SN1987A,47072.12,6.77,B
SN1987A,47072.12,3.66,I
SN1987A,47072.12,4.2,R
SN1987A,47072.12,8.69,U
SN1987A,47072.12,5.3,V
SN1987A,47073.12,6.78,B
SN1987A,47073.12,3.68,I
SN1987A,47073.12,4.21,R
SN1987A,47073.12,8.69,U
SN1987A,47073.12,5.32,V
SN1987A,47074.02,6.77,B
SN1987A,47074.02,3.66,I
SN1987A,47074.02,4.2,R
SN1987A,47074.02,8.68,U
SN1987A,47074.02,5.32,V
SN1987A,47075.02,6.78,B
SN1987A,47075.02,3.68,I
SN1987A,47075.02,4.22,R
SN1987A,47075.02,8.69,U
SN1987A,47075.02,5.32,V
SN1987A,47077.02,6.8,B
SN1987A,47077.02,3.7,I
SN1987A,47077.02,4.24,R
SN1987A,47077.02,8.7,U
SN1987A,47077.02,5.35,V
SN1987A,47078.01,6.82,B
SN1987A,47078.01,3.71,I
SN1987A,47078.01,4.25,R
SN1987A,47078.01,8.69,U
SN1987A,47078.01,5.36,V
SN1987A,47080.08,6.83,B
SN1987A,47080.08,3.72,I
SN1987A,47080.08,4.26,R
SN1987A,47080.08,8.68,U
SN1987A,47080.08,5.38,V
SN1987A,47081.04,6.83,B
SN1987A,47081.04,3.73,I
SN1987A,47081.04,4.28,R
SN1987A,47081.04,8.68,U
SN1987A,47081.04,5.39,V
SN1987A,47082.12,6.84,B
SN1987A,47082.12,3.74,I
SN1987A,47082.12,4.29,R
SN1987A,47082.12,8.7,U
SN1987A,47082.12,5.4,V
SN1987A,47084.98,6.87,B
SN1987A,47084.98,3.75,I
SN1987A,47084.98,4.29,R
SN1987A,47084.98,8.69,U
SN1987A,47084.98,5.42,V
SN1987A,47086.02,6.86,B
SN1987A,47086.02,3.76,I
SN1987A,47086.02,4.32,R
SN1987A,47086.02,8.67,U
SN1987A,47086.02,5.43,V
SN1987A,47087.30,6.8800,B
SN1987A,47087.30,6.8900,B
SN1987A,47087.30,4.0200,I
SN1987A,47087.30,4.0300,I
SN1987A,47087.30,4.3300,R
SN1987A,47087.30,4.3400,R
SN1987A,47087.30,8.7400,U
SN1987A,47087.30,8.7500,U
SN1987A,47087.30,5.5200,V
SN1987A,47087.31,6.8900,B
SN1987A,47087.31,4.0200,I
SN1987A,47087.31,4.3200,R
SN1987A,47087.31,8.7000,U
SN1987A,47087.31,5.5200,V
SN1987A,47089.22,6.9100,B
SN1987A,47089.22,4.0700,I
SN1987A,47089.22,4.3600,R
SN1987A,47089.22,8.7300,U
SN1987A,47089.22,5.5500,V
SN1987A,47089.23,6.9100,B
SN1987A,47089.23,4.0800,I
SN1987A,47089.23,4.3700,R
SN1987A,47089.23,8.7300,U
SN1987A,47089.23,5.5500,V
SN1987A,47090.07,6.88,B
SN1987A,47090.07,3.79,I
SN1987A,47090.07,4.34,R
SN1987A,47090.07,8.67,U
SN1987A,47090.07,5.46,V
SN1987A,47095.25,6.9300,B
SN1987A,47095.25,4.0800,I
SN1987A,47095.25,4.3900,R
SN1987A,47095.25,8.7300,U
SN1987A,47095.25,5.5900,V
SN1987A,47095.26,6.9400,B
SN1987A,47095.26,4.0900,I
SN1987A,47095.26,4.4000,R
SN1987A,47095.26,8.7400,U
SN1987A,47095.26,5.6100,V
SN1987A,47095.87,6.94,B
SN1987A,47095.87,3.84,I
SN1987A,47095.87,4.4,R
SN1987A,47095.87,8.68,U
SN1987A,47095.87,5.52,V
SN1987A,47096.31,6.9500,B
SN1987A,47096.31,4.0800,I
SN1987A,47096.31,4.4100,R
SN1987A,47096.31,8.7400,U
SN1987A,47096.31,5.6100,V
SN1987A,47096.33,6.9500,B
SN1987A,47096.33,4.1000,I
SN1987A,47096.33,4.4100,R
SN1987A,47096.33,8.7200,U
SN1987A,47096.33,5.6100,V
SN1987A,47098.01,6.94,B
SN1987A,47098.01,3.86,I
SN1987A,47098.01,4.42,R
SN1987A,47098.01,8.68,U
SN1987A,47098.01,5.55,V
SN1987A,47098.87,6.95,B
SN1987A,47098.87,3.87,I
SN1987A,47098.87,4.42,R
SN1987A,47098.87,8.68,U
SN1987A,47098.87,5.55,V
SN1987A,47099.97,6.96,B
SN1987A,47099.97,3.89,I
SN1987A,47099.97,4.44,R
SN1987A,47099.97,8.69,U
SN1987A,47099.97,5.57,V
SN1987A,47100.98,6.96,B
SN1987A,47100.98,3.89,I
SN1987A,47100.98,4.44,R
SN1987A,47100.98,8.68,U
SN1987A,47100.98,5.57,V
SN1987A,47101.94,6.97,B
SN1987A,47101.94,3.88,I
SN1987A,47101.94,4.45,R
SN1987A,47101.94,8.68,U
SN1987A,47101.94,5.58,V
SN1987A,47102.94,6.98,B
SN1987A,47102.94,3.89,I
SN1987A,47102.94,4.46,R
SN1987A,47102.94,8.69,U
SN1987A,47102.94,5.59,V
SN1987A,47103.23,6.9900,B
SN1987A,47103.23,4.1900,I
SN1987A,47103.23,4.4700,R
SN1987A,47103.23,8.7200,U
SN1987A,47103.23,5.6800,V
SN1987A,47103.25,6.9900,B
SN1987A,47103.25,4.1700,I
SN1987A,47103.25,4.4600,R
SN1987A,47103.25,8.7300,U
SN1987A,47103.25,5.6800,V
SN1987A,47103.26,6.9900,B
SN1987A,47103.26,4.2000,I
SN1987A,47103.26,4.4700,R
SN1987A,47103.26,8.7400,U
SN1987A,47103.26,5.6800,V
SN1987A,47104.01,6.99,B
SN1987A,47104.01,3.92,I
SN1987A,47104.01,4.47,R
SN1987A,47104.01,8.68,U
SN1987A,47104.01,5.6,V
SN1987A,47104.94,6.99,B
SN1987A,47104.94,3.93,I
SN1987A,47104.94,4.48,R
SN1987A,47104.94,8.68,U
SN1987A,47104.94,5.61,V
SN1987A,47105.87,7,B
SN1987A,47105.87,3.93,I
SN1987A,47105.87,4.49,R
SN1987A,47105.87,8.69,U
SN1987A,47105.87,5.62,V
SN1987A,47106.29,7.0300,B
SN1987A,47106.29,4.2000,I
SN1987A,47106.29,4.5300,R
SN1987A,47106.29,8.7300,U
SN1987A,47106.29,5.7300,V
SN1987A,47106.30,7.0100,B
SN1987A,47106.30,4.1900,I
SN1987A,47106.30,4.4900,R
SN1987A,47106.30,8.7300,U
SN1987A,47106.30,5.7100,V
SN1987A,47107.08,7.01,B
SN1987A,47107.08,3.94,I
SN1987A,47107.08,4.49,R
SN1987A,47107.08,8.69,U
SN1987A,47107.08,5.64,V
SN1987A,47107.98,6.98,B
SN1987A,47107.98,3.92,I
SN1987A,47107.98,4.48,R
SN1987A,47107.98,8.66,U
SN1987A,47107.98,5.61,V
SN1987A,47109.01,7.01,B
SN1987A,47109.01,3.95,I
SN1987A,47109.01,4.49,R
SN1987A,47109.01,8.68,U
SN1987A,47109.01,5.64,V
SN1987A,47109.85,7.02,B
SN1987A,47109.85,3.96,I
SN1987A,47109.85,4.52,R
SN1987A,47109.85,8.69,U
SN1987A,47109.85,5.66,V
SN1987A,47110.12,7.0300,B
SN1987A,47110.12,4.2500,I
SN1987A,47110.12,4.5300,R
SN1987A,47110.12,8.7200,U
SN1987A,47110.12,5.7400,V
SN1987A,47110.13,7.0400,B
SN1987A,47110.13,4.2500,I
SN1987A,47110.13,4.5300,R
SN1987A,47110.13,8.7200,U
SN1987A,47110.13,5.7400,V
SN1987A,47110.14,7.0400,B
SN1987A,47110.14,4.2600,I
SN1987A,47110.14,4.5200,R
SN1987A,47110.14,8.7500,U
SN1987A,47110.14,5.7400,V
SN1987A,47112.79,7.05,B
SN1987A,47112.79,4,I
SN1987A,47112.79,4.55,R
SN1987A,47112.79,8.69,U
SN1987A,47112.79,5.69,V
SN1987A,47113.07,7.04,B
SN1987A,47113.07,4,I
SN1987A,47113.07,4.54,R
SN1987A,47113.07,8.68,U
SN1987A,47113.07,5.68,V
SN1987A,47113.79,7.06,B
SN1987A,47113.79,4,I
SN1987A,47113.79,4.54,R
SN1987A,47113.79,8.69,U
SN1987A,47113.79,5.69,V
SN1987A,47114.1,7.06,B
SN1987A,47114.1,4.01,I
SN1987A,47114.1,4.54,R
SN1987A,47114.1,8.7,U
SN1987A,47114.1,5.69,V
SN1987A,47114.87,7.06,B
SN1987A,47114.87,4.01,I
SN1987A,47114.87,4.57,R
SN1987A,47114.87,8.69,U
SN1987A,47114.87,5.71,V
SN1987A,47115.83,7.07,B
SN1987A,47115.83,4.02,I
SN1987A,47115.83,4.57,R
SN1987A,47115.83,8.69,U
SN1987A,47115.83,5.72,V
SN1987A,47117.18,7.1000,B
SN1987A,47117.18,4.3200,I
SN1987A,47117.18,4.5900,R
SN1987A,47117.18,8.7200,U
SN1987A,47117.18,5.8300,V
SN1987A,47117.19,7.0800,B
SN1987A,47117.19,4.3200,I
SN1987A,47117.19,4.5900,R
SN1987A,47117.19,8.7400,U
SN1987A,47117.19,5.8100,V
SN1987A,47117.21,7.0800,B
SN1987A,47117.21,4.3400,I
SN1987A,47117.21,4.5900,R
SN1987A,47117.21,8.7200,U
SN1987A,47117.21,5.8200,V
SN1987A,47117.93,7.07,B
SN1987A,47117.93,4.05,I
SN1987A,47117.93,4.59,R
SN1987A,47117.93,8.7,U
SN1987A,47117.93,5.73,V
SN1987A,47118.77,7.08,B
SN1987A,47118.77,4.04,I
SN1987A,47118.77,4.57,R
SN1987A,47118.77,8.68,U
SN1987A,47118.77,5.73,V
SN1987A,47119.89,7.1,B
SN1987A,47119.89,4.05,I
SN1987A,47119.89,4.6,R
SN1987A,47119.89,8.7,U
SN1987A,47119.89,5.76,V
SN1987A,47120.97,7.1,B
SN1987A,47120.97,4.07,I
SN1987A,47120.97,4.62,R
SN1987A,47120.97,8.7,U
SN1987A,47120.97,5.76,V
SN1987A,47121.27,7.1100,B
SN1987A,47121.27,4.3400,I
SN1987A,47121.27,4.6400,R
SN1987A,47121.27,8.7300,U
SN1987A,47121.27,5.8500,V
SN1987A,47121.28,7.1100,B
SN1987A,47121.28,4.3300,I
SN1987A,47121.28,4.6300,R
SN1987A,47121.28,8.7200,U
SN1987A,47121.28,5.8500,V
SN1987A,47121.96,7.12,B
SN1987A,47121.96,4.08,I
SN1987A,47121.96,4.62,R
SN1987A,47121.96,8.69,U
SN1987A,47121.96,5.77,V
SN1987A,47122.79,7.12,B
SN1987A,47122.79,4.08,I
SN1987A,47122.79,4.62,R
SN1987A,47122.79,8.72,U
SN1987A,47122.79,5.79,V
SN1987A,47122.97,7.11,B
SN1987A,47122.97,4.09,I
SN1987A,47122.97,4.63,R
SN1987A,47122.97,8.7,U
SN1987A,47122.97,5.79,V
SN1987A,47123.25,7.1200,B
SN1987A,47123.25,4.3800,I
SN1987A,47123.25,4.6600,R
SN1987A,47123.25,8.1300,U
SN1987A,47123.25,5.8700,V
SN1987A,47123.26,7.1100,B
SN1987A,47123.26,4.3800,I
SN1987A,47123.26,4.6600,R
SN1987A,47123.26,8.7300,U
SN1987A,47123.26,5.8700,V
SN1987A,47123.82,7.12,B
SN1987A,47123.82,4.1,I
SN1987A,47123.82,4.64,R
SN1987A,47123.82,8.69,U
SN1987A,47123.82,5.79,V
SN1987A,47124.02,7.12,B
SN1987A,47124.02,4.11,I
SN1987A,47124.02,4.65,R
SN1987A,47124.02,8.69,U
SN1987A,47124.02,5.8,V
SN1987A,47124.86,7.12,B
SN1987A,47124.86,4.11,I
SN1987A,47124.86,4.65,R
SN1987A,47124.86,8.69,U
SN1987A,47124.86,5.8,V
SN1987A,47125.95,7.14,B
SN1987A,47125.95,4.14,I
SN1987A,47125.95,4.66,R
SN1987A,47125.95,8.7,U
SN1987A,47125.95,5.82,V
SN1987A,47126.94,7.14,B
SN1987A,47126.94,4.13,I
SN1987A,47126.94,4.68,R
SN1987A,47126.94,8.7,U
SN1987A,47126.94,5.82,V
SN1987A,47128.84,7.15,B
SN1987A,47128.84,4.14,I
SN1987A,47128.84,4.69,R
SN1987A,47128.84,8.69,U
SN1987A,47128.84,5.84,V
SN1987A,47129.0,7.15,B
SN1987A,47129.0,4.15,I
SN1987A,47129.0,4.7,R
SN1987A,47129.0,8.69,U
SN1987A,47129.0,5.84,V
SN1987A,47130.23,7.1600,B
SN1987A,47130.23,4.1000,R
SN1987A,47130.23,8.7300,U
SN1987A,47130.23,5.9300,V
SN1987A,47130.24,7.1600,B
SN1987A,47130.24,4.4400,I
SN1987A,47130.24,4.7100,R
SN1987A,47130.24,8.7400,U
SN1987A,47130.24,5.9400,V
SN1987A,47130.26,7.1600,B
SN1987A,47130.26,4.4600,I
SN1987A,47130.26,4.1100,R
SN1987A,47130.26,8.7300,U
SN1987A,47130.26,5.9300,V
SN1987A,47130.87,7.16,B
SN1987A,47130.87,4.16,I
SN1987A,47130.87,4.71,R
SN1987A,47130.87,8.69,U
SN1987A,47130.87,5.86,V
SN1987A,47131.98,7.17,B
SN1987A,47131.98,4.18,I
SN1987A,47131.98,4.72,R
SN1987A,47131.98,8.7,U
SN1987A,47131.98,5.87,V
SN1987A,47132.92,7.18,B
SN1987A,47132.92,4.18,I
SN1987A,47132.92,4.73,R
SN1987A,47132.92,8.7,U
SN1987A,47132.92,5.88,V
SN1987A,47134.93,7.19,B
SN1987A,47134.93,4.21,I
SN1987A,47134.93,4.75,R
SN1987A,47134.93,8.7,U
SN1987A,47134.93,5.89,V
SN1987A,47135.19,7.1900,B
SN1987A,47135.19,4.5000,I
SN1987A,47135.19,4.7600,R
SN1987A,47135.19,8.7300,U
SN1987A,47135.19,5.9800,V
SN1987A,47135.20,7.1900,B
SN1987A,47135.20,4.5000,I
SN1987A,47135.20,4.1600,R
SN1987A,47135.20,8.7300,U
SN1987A,47135.20,5.9800,V
SN1987A,47135.89,7.21,B
SN1987A,47135.89,4.23,I
SN1987A,47135.89,4.76,R
SN1987A,47135.89,8.72,U
SN1987A,47135.89,5.91,V
SN1987A,47137.96,7.21,B
SN1987A,47137.96,4.24,I
SN1987A,47137.96,4.78,R
SN1987A,47137.96,8.71,U
SN1987A,47137.96,5.93,V
SN1987A,47140.84,7.23,B
SN1987A,47140.84,4.27,I
SN1987A,47140.84,4.81,R
SN1987A,47140.84,8.71,U
SN1987A,47140.84,5.95,V
SN1987A,47140.86,7.22,B
SN1987A,47140.86,4.28,I
SN1987A,47140.86,4.8,R
SN1987A,47140.86,8.71,U
SN1987A,47140.86,5.95,V
SN1987A,47141.89,7.24,B
SN1987A,47141.89,4.28,I
SN1987A,47141.89,4.82,R
SN1987A,47141.89,8.7,U
SN1987A,47141.89,5.97,V
SN1987A,47142.31,7.2300,B
SN1987A,47142.31,4.5700,I
SN1987A,47142.31,4.8300,R
SN1987A,47142.31,8.7300,U
SN1987A,47142.31,6.0500,V
SN1987A,47142.32,7.2500,B
SN1987A,47142.32,4.6000,I
SN1987A,47142.32,4.6400,R
SN1987A,47142.32,8.7500,U
SN1987A,47142.32,6.0600,V
SN1987A,47142.85,7.24,B
SN1987A,47142.85,4.29,I
SN1987A,47142.85,4.83,R
SN1987A,47142.85,8.7,U
SN1987A,47142.85,5.97,V
SN1987A,47143.86,7.25,B
SN1987A,47143.86,4.3,I
SN1987A,47143.86,4.84,R
SN1987A,47143.86,8.71,U
SN1987A,47143.86,5.98,V
SN1987A,47143.98,7.25,B
SN1987A,47143.98,4.31,I
SN1987A,47143.98,4.84,R
SN1987A,47143.98,8.72,U
SN1987A,47143.98,5.98,V
SN1987A,47144.78,7.25,B
SN1987A,47144.78,4.31,I
SN1987A,47144.78,4.84,R
SN1987A,47144.78,8.67,U
SN1987A,47144.78,5.99,V
SN1987A,47145.16,7.2600,B
SN1987A,47145.16,4.6300,I
SN1987A,47145.16,4.8600,R
SN1987A,47145.16,8.7500,U
SN1987A,47145.16,6.0700,V
SN1987A,47145.18,7.2700,B
SN1987A,47145.18,4.6300,I
SN1987A,47145.18,4.8500,R
SN1987A,47145.18,8.7600,U
SN1987A,47145.18,6.0800,V
SN1987A,47145.19,7.2700,B
SN1987A,47145.19,4.6400,I
SN1987A,47145.19,4.8700,R
SN1987A,47145.19,8.7500,U
SN1987A,47145.19,6.0800,V
SN1987A,47146.83,7.26,B
SN1987A,47146.83,4.33,I
SN1987A,47146.83,4.86,R
SN1987A,47146.83,8.71,U
SN1987A,47146.83,6,V
SN1987A,47147.13,7.2700,B
SN1987A,47147.13,4.6200,I
SN1987A,47147.13,4.8900,R
SN1987A,47147.13,8.7600,U
SN1987A,47147.13,6.1000,V
SN1987A,47147.15,7.2800,B
SN1987A,47147.15,4.6200,I
SN1987A,47147.15,4.8800,R
SN1987A,47147.15,8.7800,U
SN1987A,47147.15,6.1000,V
SN1987A,47147.79,7.27,B
SN1987A,47147.79,4.33,I
SN1987A,47147.79,4.86,R
SN1987A,47147.79,8.69,U
SN1987A,47147.79,6,V
SN1987A,47148.86,7.29,B
SN1987A,47148.86,4.35,I
SN1987A,47148.86,4.88,R
SN1987A,47148.86,8.71,U
SN1987A,47148.86,6.03,V
SN1987A,47151.15,7.3000,B
SN1987A,47151.15,4.6800,I
SN1987A,47151.15,4.9100,R
SN1987A,47151.15,8.7600,U
SN1987A,47151.15,6.1300,V
SN1987A,47151.16,7.3000,B
SN1987A,47151.16,4.6800,I
SN1987A,47151.16,4.9200,R
SN1987A,47151.16,8.7600,U
SN1987A,47151.16,6.1400,V
SN1987A,47151.17,7.3000,B
SN1987A,47151.17,4.6900,I
SN1987A,47151.17,4.9100,R
SN1987A,47151.17,8.7400,U
SN1987A,47151.17,6.1400,V
SN1987A,47151.84,7.3,B
SN1987A,47151.84,4.38,I
SN1987A,47151.84,4.92,R
SN1987A,47151.84,8.72,U
SN1987A,47151.84,6.06,V
SN1987A,47151.94,7.29,B
SN1987A,47151.94,4.39,I
SN1987A,47151.94,4.92,R
SN1987A,47151.94,8.72,U
SN1987A,47151.94,6.05,V
SN1987A,47152.93,7.31,B
SN1987A,47152.93,4.4,I
SN1987A,47152.93,4.93,R
SN1987A,47152.93,8.72,U
SN1987A,47152.93,6.06,V
SN1987A,47154.01,7.32,B
SN1987A,47154.01,4.41,I
SN1987A,47154.01,4.93,R
SN1987A,47154.01,8.72,U
SN1987A,47154.01,6.07,V
SN1987A,47154.94,7.33,B
SN1987A,47154.94,4.42,I
SN1987A,47154.94,4.95,R
SN1987A,47154.94,8.72,U
SN1987A,47154.94,6.09,V
SN1987A,47155.82,7.34,B
SN1987A,47155.82,4.44,I
SN1987A,47155.82,4.96,R
SN1987A,47155.82,8.74,U
SN1987A,47155.82,6.1,V
SN1987A,47156.83,7.34,B
SN1987A,47156.83,4.44,I
SN1987A,47156.83,4.97,R
SN1987A,47156.83,8.73,U
SN1987A,47156.83,6.11,V
SN1987A,47157.81,7.34,B
SN1987A,47157.81,4.45,I
SN1987A,47157.81,4.97,R
SN1987A,47157.81,8.72,U
SN1987A,47157.81,6.11,V
SN1987A,47158.14,7.3300,B
SN1987A,47158.14,4.7500,I
SN1987A,47158.14,4.9600,R
SN1987A,47158.14,8.7500,U
SN1987A,47158.14,6.1900,V
SN1987A,47158.15,7.3400,B
SN1987A,47158.15,4.7900,I
SN1987A,47158.15,4.9900,R
SN1987A,47158.15,8.7600,U
SN1987A,47158.15,6.2000,V
SN1987A,47158.16,7.3500,B
SN1987A,47158.16,4.7900,I
SN1987A,47158.16,5.0100,R
SN1987A,47158.16,8.7600,U
SN1987A,47158.16,6.2000,V
SN1987A,47158.84,7.35,B
SN1987A,47158.84,4.46,I
SN1987A,47158.84,4.98,R
SN1987A,47158.84,8.74,U
SN1987A,47158.84,6.12,V
SN1987A,47159.88,7.36,B
SN1987A,47159.88,4.47,I
SN1987A,47159.88,5,R
SN1987A,47159.88,8.73,U
SN1987A,47159.88,6.13,V
SN1987A,47162.08,7.36,B
SN1987A,47162.08,4.49,I
SN1987A,47162.08,4.99,R
SN1987A,47162.08,8.72,U
SN1987A,47162.08,6.15,V
SN1987A,47162.87,7.38,B
SN1987A,47162.87,4.5,I
SN1987A,47162.87,5.02,R
SN1987A,47162.87,8.73,U
SN1987A,47162.87,6.16,V
SN1987A,47163.9,7.38,B
SN1987A,47163.9,4.51,I
SN1987A,47163.9,5.03,R
SN1987A,47163.9,8.73,U
SN1987A,47163.9,6.16,V
SN1987A,47164.89,7.39,B
SN1987A,47164.89,4.54,I
SN1987A,47164.89,5.04,R
SN1987A,47164.89,8.74,U
SN1987A,47164.89,6.18,V
SN1987A,47165.9,7.39,B
SN1987A,47165.9,4.54,I
SN1987A,47165.9,5.05,R
SN1987A,47165.9,8.74,U
SN1987A,47165.9,6.18,V
SN1987A,47166.10,7.4100,B
SN1987A,47166.10,4.8700,I
SN1987A,47166.10,5.0100,R
SN1987A,47166.10,8.7800,U
SN1987A,47166.10,6.2900,V
SN1987A,47166.11,7.3800,B
SN1987A,47166.11,4.8500,I
SN1987A,47166.11,5.0600,R
SN1987A,47166.11,8.7600,U
SN1987A,47166.11,6.2600,V
SN1987A,47166.12,7.4000,B
SN1987A,47166.12,4.8400,I
SN1987A,47166.12,5.0600,R
SN1987A,47166.12,8.7600,U
SN1987A,47166.12,6.2700,V
SN1987A,47166.94,7.4,B
SN1987A,47166.94,4.56,I
SN1987A,47166.94,5.05,R
SN1987A,47166.94,8.75,U
SN1987A,47166.94,6.2,V
SN1987A,47167.87,7.41,B
SN1987A,47167.87,4.56,I
SN1987A,47167.87,5.07,R
SN1987A,47167.87,8.75,U
SN1987A,47167.87,6.2,V
SN1987A,47168.99,7.41,B
SN1987A,47168.99,4.57,I
SN1987A,47168.99,5.08,R
SN1987A,47168.99,8.75,U
SN1987A,47168.99,6.21,V
SN1987A,47169.81,7.42,B
SN1987A,47169.81,4.58,I
SN1987A,47169.81,5.09,R
SN1987A,47169.81,8.76,U
SN1987A,47169.81,6.23,V
SN1987A,47170.79,7.42,B
SN1987A,47170.79,4.58,I
SN1987A,47170.79,5.09,R
SN1987A,47170.79,8.75,U
SN1987A,47170.79,6.23,V
SN1987A,47171.11,7.4300,B
SN1987A,47171.11,4.8600,I
SN1987A,47171.11,5.0800,R
SN1987A,47171.11,8.7800,U
SN1987A,47171.11,6.3100,V
SN1987A,47171.12,7.4300,B
SN1987A,47171.12,4.8800,I
SN1987A,47171.12,5.0900,R
SN1987A,47171.12,8.7700,U
SN1987A,47171.12,6.3200,V
SN1987A,47171.13,7.4300,B
SN1987A,47171.13,4.9000,I
SN1987A,47171.13,5.1200,R
SN1987A,47171.13,8.7800,U
SN1987A,47171.13,6.3200,V
SN1987A,47171.9,7.43,B
SN1987A,47171.9,4.59,I
SN1987A,47171.9,5.09,R
SN1987A,47171.9,8.75,U
SN1987A,47171.9,6.24,V
SN1987A,47172.88,7.44,B
SN1987A,47172.88,4.62,I
SN1987A,47172.88,5.12,R
SN1987A,47172.88,8.75,U
SN1987A,47172.88,6.26,V
SN1987A,47173.9,7.45,B
SN1987A,47173.9,4.63,I
SN1987A,47173.9,5.13,R
SN1987A,47173.9,8.76,U
SN1987A,47173.9,6.27,V
SN1987A,47174.9,7.46,B
SN1987A,47174.9,4.65,I
SN1987A,47174.9,5.14,R
SN1987A,47174.9,8.76,U
SN1987A,47174.9,6.28,V
SN1987A,47175.8,7.47,B
SN1987A,47175.8,4.65,I
SN1987A,47175.8,5.16,R
SN1987A,47175.8,8.77,U
SN1987A,47175.8,6.28,V
SN1987A,47176.82,7.47,B
SN1987A,47176.82,4.67,I
SN1987A,47176.82,5.17,R
SN1987A,47176.82,8.77,U
SN1987A,47176.82,6.29,V
SN1987A,47177.88,7.48,B
SN1987A,47177.88,4.67,I
SN1987A,47177.88,5.17,R
SN1987A,47177.88,8.79,U
SN1987A,47177.88,6.3,V
SN1987A,47178.10,7.4700,B
SN1987A,47178.10,4.9600,I
SN1987A,47178.10,5.1700,R
SN1987A,47178.10,8.7800,U
SN1987A,47178.10,6.3700,V
SN1987A,47178.11,7.4600,B
SN1987A,47178.11,5.0100,I
SN1987A,47178.11,5.1900,R
SN1987A,47178.11,8.8100,U
SN1987A,47178.11,6.3700,V
SN1987A,47178.12,7.4800,B
SN1987A,47178.12,5.0100,I
SN1987A,47178.12,5.1900,R
SN1987A,47178.12,8.8300,U
SN1987A,47178.12,6.3900,V
SN1987A,47180.09,7.4800,B
SN1987A,47180.09,5.0200,I
SN1987A,47180.09,5.2000,R
SN1987A,47180.09,8.7900,U
SN1987A,47180.09,6.3900,V
SN1987A,47180.10,7.4900,B
SN1987A,47180.10,5.0300,I
SN1987A,47180.10,5.2100,R
SN1987A,47180.10,8.8200,U
SN1987A,47180.10,6.4100,V
SN1987A,47180.11,7.4800,B
SN1987A,47180.11,5.0200,I
SN1987A,47180.11,5.2000,R
SN1987A,47180.11,8.7900,U
SN1987A,47180.11,6.4000,V
SN1987A,47181.07,7.5200,B
SN1987A,47181.07,5.1000,I
SN1987A,47181.07,5.2700,R
SN1987A,47181.07,8.8000,U
SN1987A,47181.07,6.4500,V
SN1987A,47181.95,7.51,B
SN1987A,47181.95,4.73,I
SN1987A,47181.95,5.23,R
SN1987A,47181.95,8.8,U
SN1987A,47181.95,6.34,V
SN1987A,47182.96,7.51,B
SN1987A,47182.96,4.73,I
SN1987A,47182.96,5.22,R
SN1987A,47182.96,8.79,U
SN1987A,47182.96,6.35,V
SN1987A,47184.97,7.53,B
SN1987A,47184.97,4.76,I
SN1987A,47184.97,5.25,R
SN1987A,47184.97,8.8,U
SN1987A,47184.97,6.37,V
SN1987A,47185.96,7.54,B
SN1987A,47185.96,4.77,I
SN1987A,47185.96,5.26,R
SN1987A,47185.96,8.8,U
SN1987A,47185.96,6.38,V
SN1987A,47186.82,7.54,B
SN1987A,47186.82,4.78,I
SN1987A,47186.82,5.27,R
SN1987A,47186.82,8.78,U
SN1987A,47186.82,6.38,V
SN1987A,47187.09,7.5200,B
SN1987A,47187.09,5.1100,I
SN1987A,47187.09,5.2600,R
SN1987A,47187.09,8.8000,U
SN1987A,47187.09,6.4600,V
SN1987A,47187.10,7.5400,B
SN1987A,47187.10,5.1300,I
SN1987A,47187.10,5.2800,R
SN1987A,47187.10,8.8200,U
SN1987A,47187.10,6.4700,V
SN1987A,47187.81,7.55,B
SN1987A,47187.81,4.8,I
SN1987A,47187.81,5.28,R
SN1987A,47187.81,8.79,U
SN1987A,47187.81,6.4,V
SN1987A,47188.81,7.55,B
SN1987A,47188.81,4.81,I
SN1987A,47188.81,5.3,R
SN1987A,47188.81,8.79,U
SN1987A,47188.81,6.41,V
SN1987A,47189.11,7.5400,B
SN1987A,47189.11,5.1100,I
SN1987A,47189.11,5.2900,R
SN1987A,47189.11,8.8200,U
SN1987A,47189.11,6.4900,V
SN1987A,47189.12,7.5400,B
SN1987A,47189.12,5.1400,I
SN1987A,47189.12,5.3000,R
SN1987A,47189.12,8.8000,U
SN1987A,47189.12,6.4900,V
SN1987A,47189.14,7.5400,B
SN1987A,47189.14,5.1300,I
SN1987A,47189.14,5.2900,R
SN1987A,47189.14,8.8300,U
SN1987A,47189.14,6.4900,V
SN1987A,47190.79,7.56,B
SN1987A,47190.79,4.83,I
SN1987A,47190.79,5.31,R
SN1987A,47190.79,8.79,U
SN1987A,47190.79,6.42,V
SN1987A,47191.87,7.57,B
SN1987A,47191.87,4.84,I
SN1987A,47191.87,5.32,R
SN1987A,47191.87,8.79,U
SN1987A,47191.87,6.44,V
SN1987A,47192.83,7.58,B
SN1987A,47192.83,4.85,I
SN1987A,47192.83,5.33,R
SN1987A,47192.83,8.8,U
SN1987A,47192.83,6.44,V
SN1987A,47193.79,7.59,B
SN1987A,47193.79,4.87,I
SN1987A,47193.79,5.34,R
SN1987A,47193.79,8.79,U
SN1987A,47193.79,6.45,V
SN1987A,47194.12,7.5800,B
SN1987A,47194.12,5.1900,I
SN1987A,47194.12,5.3500,R
SN1987A,47194.12,8.8300,U
SN1987A,47194.12,6.5200,V
SN1987A,47194.13,7.5900,B
SN1987A,47194.13,5.2000,I
SN1987A,47194.13,5.3500,R
SN1987A,47194.13,8.9300,U
SN1987A,47194.13,6.5300,V
SN1987A,47194.8,7.59,B
SN1987A,47194.8,4.88,I
SN1987A,47194.8,5.35,R
SN1987A,47194.8,8.81,U
SN1987A,47194.8,6.46,V
SN1987A,47195.13,7.5900,B
SN1987A,47195.13,5.2000,I
SN1987A,47195.13,5.3700,R
SN1987A,47195.13,8.8600,U
SN1987A,47195.13,6.5400,V
SN1987A,47195.14,7.5900,B
SN1987A,47195.14,5.2000,I
SN1987A,47195.14,5.3600,R
SN1987A,47195.14,8.8400,U
SN1987A,47195.14,6.5400,V
SN1987A,47195.15,7.5900,B
SN1987A,47195.15,5.2100,I
SN1987A,47195.15,5.3100,R
SN1987A,47195.15,8.8300,U
SN1987A,47195.15,6.5400,V
SN1987A,47195.79,7.6,B
SN1987A,47195.79,4.9,I
SN1987A,47195.79,5.37,R
SN1987A,47195.79,8.8,U
SN1987A,47195.79,6.47,V
SN1987A,47197.94,7.61,B
SN1987A,47197.94,4.93,I
SN1987A,47197.94,5.39,R
SN1987A,47197.94,8.8,U
SN1987A,47197.94,6.49,V
SN1987A,47198.09,7.6100,B
SN1987A,47198.09,5.2100,I
SN1987A,47198.09,5.4000,R
SN1987A,47198.09,8.8400,U
SN1987A,47198.09,6.5700,V
SN1987A,47198.10,7.6200,B
SN1987A,47198.10,5.2300,I
SN1987A,47198.10,5.4000,R
SN1987A,47198.10,8.8300,U
SN1987A,47198.10,6.5700,V
SN1987A,47200.95,7.63,B
SN1987A,47200.95,4.96,I
SN1987A,47200.95,5.43,R
SN1987A,47200.95,8.81,U
SN1987A,47200.95,6.52,V
SN1987A,47201.94,7.64,B
SN1987A,47201.94,4.96,I
SN1987A,47201.94,5.43,R
SN1987A,47201.94,8.81,U
SN1987A,47201.94,6.53,V
SN1987A,47202.94,7.64,B
SN1987A,47202.94,4.98,I
SN1987A,47202.94,5.44,R
SN1987A,47202.94,8.81,U
SN1987A,47202.94,6.53,V
SN1987A,47203.87,7.66,B
SN1987A,47203.87,4.99,I
SN1987A,47203.87,5.45,R
SN1987A,47203.87,8.83,U
SN1987A,47203.87,6.55,V
SN1987A,47204.91,7.68,B
SN1987A,47204.91,5.03,I
SN1987A,47204.91,5.48,R
SN1987A,47204.91,8.85,U
SN1987A,47204.91,6.58,V
SN1987A,47205.08,7.6500,B
SN1987A,47205.08,5.3500,I
SN1987A,47205.08,5.4800,R
SN1987A,47205.08,8.8700,U
SN1987A,47205.08,6.6300,V
SN1987A,47205.09,7.6600,B
SN1987A,47205.09,5.3500,I
SN1987A,47205.09,5.4800,R
SN1987A,47205.09,8.8800,U
SN1987A,47205.09,6.6300,V
SN1987A,47208.9,7.69,B
SN1987A,47208.9,5.04,I
SN1987A,47208.9,5.51,R
SN1987A,47208.9,8.83,U
SN1987A,47208.9,6.59,V
SN1987A,47211.11,7.6900,B
SN1987A,47211.11,7.7000,B
SN1987A,47211.11,5.4000,I
SN1987A,47211.11,5.4200,I
SN1987A,47211.11,5.5400,R
SN1987A,47211.11,8.8500,U
SN1987A,47211.11,8.8900,U
SN1987A,47211.11,6.6900,V
SN1987A,47211.11,6.7000,V
SN1987A,47211.12,7.7100,B
SN1987A,47211.12,5.4300,I
SN1987A,47211.12,5.5400,R
SN1987A,47211.12,8.9000,U
SN1987A,47211.12,6.7100,V
SN1987A,47211.77,7.71,B
SN1987A,47211.77,5.09,I
SN1987A,47211.77,5.54,R
SN1987A,47211.77,8.85,U
SN1987A,47211.77,6.62,V
SN1987A,47212.77,7.73,B
SN1987A,47212.77,5.1,I
SN1987A,47212.77,5.55,R
SN1987A,47212.77,8.86,U
SN1987A,47212.77,6.62,V
SN1987A,47213.77,7.73,B
SN1987A,47213.77,5.11,I
SN1987A,47213.77,5.57,R
SN1987A,47213.77,8.86,U
SN1987A,47213.77,6.64,V
SN1987A,47214.8,7.73,B
SN1987A,47214.8,5.13,I
SN1987A,47214.8,5.58,R
SN1987A,47214.8,8.86,U
SN1987A,47214.8,6.66,V
SN1987A,47216.81,7.75,B
SN1987A,47216.81,5.15,I
SN1987A,47216.81,5.6,R
SN1987A,47216.81,8.88,U
SN1987A,47216.81,6.67,V
SN1987A,47218.06,7.7400,B
SN1987A,47218.06,5.4900,I
SN1987A,47218.06,5.6100,R
SN1987A,47218.06,8.8800,U
SN1987A,47218.06,6.7400,V
SN1987A,47218.07,7.7400,B
SN1987A,47218.07,5.4800,I
SN1987A,47218.07,5.6100,R
SN1987A,47218.07,8.8900,U
SN1987A,47218.07,6.7500,V
SN1987A,47218.82,7.75,B
SN1987A,47218.82,5.18,I
SN1987A,47218.82,5.61,R
SN1987A,47218.82,8.87,U
SN1987A,47218.82,6.68,V
SN1987A,47218.84,7.77,B
SN1987A,47218.84,5.18,I
SN1987A,47218.84,5.62,R
SN1987A,47218.84,8.86,U
SN1987A,47218.84,6.69,V
SN1987A,47219.04,7.7500,B
SN1987A,47219.04,5.4900,I
SN1987A,47219.04,5.6100,R
SN1987A,47219.04,8.9000,U
SN1987A,47219.04,6.7500,V
SN1987A,47219.82,7.77,B
SN1987A,47219.82,5.18,I
SN1987A,47219.82,5.62,R
SN1987A,47219.82,8.87,U
SN1987A,47219.82,6.71,V
SN1987A,47221.03,7.7600,B
SN1987A,47221.03,5.5300,I
SN1987A,47221.03,5.6500,R
SN1987A,47221.03,8.9000,U
SN1987A,47221.03,6.7900,V
SN1987A,47221.04,7.7500,B
SN1987A,47221.04,5.5200,I
SN1987A,47221.04,5.6300,R
SN1987A,47221.04,8.9000,U
SN1987A,47221.04,6.7800,V
SN1987A,47221.05,7.7700,B
SN1987A,47221.05,5.5200,I
SN1987A,47221.05,5.6300,R
SN1987A,47221.05,8.8900,U
SN1987A,47221.05,6.7800,V
SN1987A,47222.81,7.79,B
SN1987A,47222.81,5.24,I
SN1987A,47222.81,5.67,R
SN1987A,47222.81,8.87,U
SN1987A,47222.81,6.73,V
SN1987A,47223.81,7.8,B
SN1987A,47223.81,5.25,I
SN1987A,47223.81,5.68,R
SN1987A,47223.81,8.87,U
SN1987A,47223.81,6.74,V
SN1987A,47227.06,7.8200,B
SN1987A,47227.06,5.6200,I
SN1987A,47227.06,5.7200,R
SN1987A,47227.06,8.9000,U
SN1987A,47227.06,6.8500,V
SN1987A,47227.07,7.8100,B
SN1987A,47227.07,5.6100,I
SN1987A,47227.07,5.7000,R
SN1987A,47227.07,8.9000,U
SN1987A,47227.07,6.8400,V
SN1987A,47229.77,7.84,B
SN1987A,47229.77,5.33,I
SN1987A,47229.77,5.76,R
SN1987A,47229.77,8.92,U
SN1987A,47229.77,6.83,V
SN1987A,47231.03,7.8400,B
SN1987A,47231.03,5.6500,I
SN1987A,47231.03,5.7600,R
SN1987A,47231.03,8.9400,U
SN1987A,47231.03,6.8800,V
SN1987A,47231.04,7.8400,B
SN1987A,47231.04,5.6500,I
SN1987A,47231.04,5.7600,R
SN1987A,47231.04,8.9300,U
SN1987A,47231.04,6.8800,V
SN1987A,47231.05,7.8400,B
SN1987A,47231.05,5.6600,I
SN1987A,47231.05,5.1600,R
SN1987A,47231.05,8.9200,U
SN1987A,47231.05,6.8800,V
SN1987A,47232.79,7.86,B
SN1987A,47232.79,5.36,I
SN1987A,47232.79,5.79,R
SN1987A,47232.79,8.93,U
SN1987A,47232.79,6.83,V
SN1987A,47234.78,7.88,B
SN1987A,47234.78,5.38,I
SN1987A,47234.78,5.8,R
SN1987A,47234.78,8.93,U
SN1987A,47234.78,6.85,V
SN1987A,47235.75,7.89,B
SN1987A,47235.75,5.39,I
SN1987A,47235.75,5.81,R
SN1987A,47235.75,8.92,U
SN1987A,47235.75,6.86,V
SN1987A,47236.02,7.8800,B
SN1987A,47236.02,5.7300,I
SN1987A,47236.02,5.8100,R
SN1987A,47236.02,8.9700,U
SN1987A,47236.02,6.9400,V
SN1987A,47236.03,7.8800,B
SN1987A,47236.03,5.7400,I
SN1987A,47236.03,5.8100,R
SN1987A,47236.03,8.9400,U
SN1987A,47236.03,6.9300,V
SN1987A,47236.04,7.8800,B
SN1987A,47236.04,5.7500,I
SN1987A,47236.04,5.8000,R
SN1987A,47236.04,8.9600,U
SN1987A,47236.04,6.9400,V
SN1987A,47236.75,7.89,B
SN1987A,47236.75,5.41,I
SN1987A,47236.75,5.83,R
SN1987A,47236.75,8.94,U
SN1987A,47236.75,6.87,V
SN1987A,47238.75,7.91,B
SN1987A,47238.75,5.43,I
SN1987A,47238.75,5.85,R
SN1987A,47238.75,8.95,U
SN1987A,47238.75,6.89,V
SN1987A,47239.75,7.92,B
SN1987A,47239.75,5.44,I
SN1987A,47239.75,5.85,R
SN1987A,47239.75,8.95,U
SN1987A,47239.75,6.91,V
SN1987A,47240.05,7.9400,B
SN1987A,47240.05,5.8200,I
SN1987A,47240.05,5.8900,R
SN1987A,47240.05,9.0000,U
SN1987A,47240.05,6.9900,V
SN1987A,47240.06,7.9100,B
SN1987A,47240.06,5.8100,I
SN1987A,47240.06,5.8800,R
SN1987A,47240.06,8.9900,U
SN1987A,47240.06,6.9800,V
SN1987A,47240.07,7.9200,B
SN1987A,47240.07,5.8200,I
SN1987A,47240.07,5.8700,R
SN1987A,47240.07,9.0100,U
SN1987A,47240.07,6.9800,V
SN1987A,47240.75,7.92,B
SN1987A,47240.75,5.46,I
SN1987A,47240.75,5.87,R
SN1987A,47240.75,8.95,U
SN1987A,47240.75,6.91,V
SN1987A,47241.75,7.93,B
SN1987A,47241.75,5.47,I
SN1987A,47241.75,5.88,R
SN1987A,47241.75,8.96,U
SN1987A,47241.75,6.92,V
SN1987A,47242.75,7.94,B
SN1987A,47242.75,5.48,I
SN1987A,47242.75,5.89,R
SN1987A,47242.75,8.96,U
SN1987A,47242.75,6.93,V
SN1987A,47243.10,7.9400,B
SN1987A,47243.10,5.8400,I
SN1987A,47243.10,5.9000,R
SN1987A,47243.10,8.9800,U
SN1987A,47243.10,7.0000,V
SN1987A,47243.11,7.9400,B
SN1987A,47243.11,5.8500,I
SN1987A,47243.11,5.9100,R
SN1987A,47243.11,8.9900,U
SN1987A,47243.11,7.0000,V
SN1987A,47243.75,7.94,B
SN1987A,47243.75,5.5,I
SN1987A,47243.75,5.91,R
SN1987A,47243.75,8.96,U
SN1987A,47243.75,6.94,V
SN1987A,47245.04,7.9500,B
SN1987A,47245.04,7.9600,B
SN1987A,47245.04,5.8600,I
SN1987A,47245.04,5.8700,I
SN1987A,47245.04,5.9200,R
SN1987A,47245.04,5.9300,R
SN1987A,47245.04,8.9900,U
SN1987A,47245.04,7.0200,V
SN1987A,47245.05,7.9500,B
SN1987A,47245.05,5.8600,I
SN1987A,47245.05,5.9200,R
SN1987A,47245.05,8.9800,U
SN1987A,47245.05,7.0100,V
SN1987A,47245.75,7.96,B
SN1987A,47245.75,5.53,I
SN1987A,47245.75,5.93,R
SN1987A,47245.75,8.97,U
SN1987A,47245.75,6.96,V
SN1987A,47246.74,7.97,B
SN1987A,47246.74,5.54,I
SN1987A,47246.74,5.94,R
SN1987A,47246.74,8.98,U
SN1987A,47246.74,6.97,V
SN1987A,47247.74,7.98,B
SN1987A,47247.74,5.56,I
SN1987A,47247.74,5.96,R
SN1987A,47247.74,8.99,U
SN1987A,47247.74,6.98,V
SN1987A,47249.00,7.9800,B
SN1987A,47249.00,5.9300,I
SN1987A,47249.00,5.9700,R
SN1987A,47249.00,8.9900,U
SN1987A,47249.00,7.0500,V
SN1987A,47249.01,7.9700,B
SN1987A,47249.01,5.9100,I
SN1987A,47249.01,5.9500,R
SN1987A,47249.01,8.9700,U
SN1987A,47249.01,7.0500,V
SN1987A,47249.02,7.9900,B
SN1987A,47249.02,5.9300,I
SN1987A,47249.02,5.9700,R
SN1987A,47249.02,9.0000,U
SN1987A,47249.02,7.0600,V
SN1987A,47249.74,7.99,B
SN1987A,47249.74,5.58,I
SN1987A,47249.74,5.99,R
SN1987A,47249.74,8.97,U
SN1987A,47249.74,7,V
SN1987A,47250.74,8,B
SN1987A,47250.74,5.58,I
SN1987A,47250.74,5.99,R
SN1987A,47250.74,9,U
SN1987A,47250.74,7.01,V
SN1987A,47251.01,8.0000,B
SN1987A,47251.01,5.9600,I
SN1987A,47251.01,5.9900,R
SN1987A,47251.01,9.0100,U
SN1987A,47251.01,7.0800,V
SN1987A,47251.02,8.0000,B
SN1987A,47251.02,5.9500,I
SN1987A,47251.02,5.9900,R
SN1987A,47251.02,9.0000,U
SN1987A,47251.02,7.0800,V
SN1987A,47251.04,7.9900,B
SN1987A,47251.04,5.9500,I
SN1987A,47251.04,5.9900,R
SN1987A,47251.04,9.0200,U
SN1987A,47251.04,7.0700,V
SN1987A,47251.74,8.01,B
SN1987A,47251.74,5.6,I
SN1987A,47251.74,6,R
SN1987A,47251.74,8.99,U
SN1987A,47251.74,7.02,V
SN1987A,47252.74,8.02,B
SN1987A,47252.74,5.62,I
SN1987A,47252.74,6,R
SN1987A,47252.74,8.99,U
SN1987A,47252.74,7.03,V
SN1987A,47258.04,8.0600,B
SN1987A,47258.04,6.0600,I
SN1987A,47258.04,6.0800,R
SN1987A,47258.04,9.0500,U
SN1987A,47258.04,7.1600,V
SN1987A,47258.06,8.0400,B
SN1987A,47258.06,6.0400,I
SN1987A,47258.06,6.0700,R
SN1987A,47258.06,9.0300,U
SN1987A,47258.06,7.1400,V
SN1987A,47258.76,8.06,B
SN1987A,47258.76,5.69,I
SN1987A,47258.76,6.09,R
SN1987A,47258.76,9.01,U
SN1987A,47258.76,7.08,V
SN1987A,47259.73,8.08,B
SN1987A,47259.73,5.7,I
SN1987A,47259.73,6.1,R
SN1987A,47259.73,9.02,U
SN1987A,47259.73,7.1,V
SN1987A,47260.86,8.08,B
SN1987A,47260.86,5.72,I
SN1987A,47260.86,6.11,R
SN1987A,47260.86,9.03,U
SN1987A,47260.86,7.11,V
SN1987A,47261.73,8.09,B
SN1987A,47261.73,5.72,I
SN1987A,47261.73,6.12,R
SN1987A,47261.73,9.02,U
SN1987A,47261.73,7.12,V
SN1987A,47262.73,8.1,B
SN1987A,47262.73,5.74,I
SN1987A,47262.73,6.14,R
SN1987A,47262.73,9.03,U
SN1987A,47262.73,7.14,V
SN1987A,47263.73,8.1,B
SN1987A,47263.73,5.76,I
SN1987A,47263.73,6.14,R
SN1987A,47263.73,9.04,U
SN1987A,47263.73,7.14,V
SN1987A,47264.76,8.11,B
SN1987A,47264.76,5.78,I
SN1987A,47264.76,6.15,R
SN1987A,47264.76,9.05,U
SN1987A,47264.76,7.15,V
SN1987A,47265.00,8.1200,B
SN1987A,47265.00,6.1400,I
SN1987A,47265.00,6.1700,R
SN1987A,47265.00,9.0800,U
SN1987A,47265.00,7.2200,V
SN1987A,47265.01,8.1100,B
SN1987A,47265.01,6.1500,I
SN1987A,47265.01,6.1700,R
SN1987A,47265.01,9.0700,U
SN1987A,47265.01,7.2200,V
SN1987A,47265.78,8.12,B
SN1987A,47265.78,5.78,I
SN1987A,47265.78,6.16,R
SN1987A,47265.78,9.06,U
SN1987A,47265.78,7.16,V
SN1987A,47266.73,8.13,B
SN1987A,47266.73,5.8,I
SN1987A,47266.73,6.19,R
SN1987A,47266.73,9.06,U
SN1987A,47266.73,7.18,V
SN1987A,47267.73,8.14,B
SN1987A,47267.73,5.81,I
SN1987A,47267.73,6.2,R
SN1987A,47267.73,9.06,U
SN1987A,47267.73,7.19,V
SN1987A,47268.01,8.1500,B
SN1987A,47268.01,6.2100,R
SN1987A,47268.01,9.0900,U
SN1987A,47268.01,7.2500,V
SN1987A,47268.02,8.1300,B
SN1987A,47268.02,6.1800,I
SN1987A,47268.02,6.1900,R
SN1987A,47268.02,9.0800,U
SN1987A,47268.02,7.2500,V
SN1987A,47269.73,8.16,B
SN1987A,47269.73,5.85,I
SN1987A,47269.73,6.23,R
SN1987A,47269.73,9.07,U
SN1987A,47269.73,7.21,V
SN1987A,47271.03,8.1500,B
SN1987A,47271.03,6.2200,I
SN1987A,47271.03,6.2300,R
SN1987A,47271.03,9.1100,U
SN1987A,47271.03,7.2800,V
SN1987A,47271.05,8.1700,B
SN1987A,47271.05,6.2400,I
SN1987A,47271.05,6.2400,R
SN1987A,47271.05,9.1200,U
SN1987A,47271.05,7.2900,V
SN1987A,47273.73,8.19,B
SN1987A,47273.73,5.89,I
SN1987A,47273.73,6.27,R
SN1987A,47273.73,9.07,U
SN1987A,47273.73,7.25,V
SN1987A,47274.73,8.21,B
SN1987A,47274.73,5.91,I
SN1987A,47274.73,6.29,R
SN1987A,47274.73,9.09,U
SN1987A,47274.73,7.26,V
SN1987A,47276.00,8.1900,B
SN1987A,47276.00,6.2900,I
SN1987A,47276.00,6.3000,R
SN1987A,47276.00,9.1100,U
SN1987A,47276.00,7.3200,V
SN1987A,47276.01,8.2100,B
SN1987A,47276.01,6.2800,I
SN1987A,47276.01,6.3100,R
SN1987A,47276.01,9.1200,U
SN1987A,47276.01,7.3300,V
SN1987A,47276.02,8.2100,B
SN1987A,47276.02,6.2800,I
SN1987A,47276.02,6.3000,R
SN1987A,47276.02,9.1200,U
SN1987A,47276.02,7.3300,V
SN1987A,47277.74,8.22,B
SN1987A,47277.74,5.95,I
SN1987A,47277.74,6.33,R
SN1987A,47277.74,9.09,U
SN1987A,47277.74,7.29,V
SN1987A,47278.83,8.22,B
SN1987A,47278.83,5.95,I
SN1987A,47278.83,6.33,R
SN1987A,47278.83,9.08,U
SN1987A,47278.83,7.31,V
SN1987A,47279.87,8.24,B
SN1987A,47279.87,5.98,I
SN1987A,47279.87,6.35,R
SN1987A,47279.87,9.12,U
SN1987A,47279.87,7.31,V
SN1987A,47280.74,8.24,B
SN1987A,47280.74,6,I
SN1987A,47280.74,6.36,R
SN1987A,47280.74,9.11,U
SN1987A,47280.74,7.32,V
SN1987A,47281.73,8.27,B
SN1987A,47281.73,6,I
SN1987A,47281.73,6.38,R
SN1987A,47281.73,9.12,U
SN1987A,47281.73,7.34,V
SN1987A,47282.73,8.26,B
SN1987A,47282.73,6.02,I
SN1987A,47282.73,6.38,R
SN1987A,47282.73,9.14,U
SN1987A,47282.73,7.34,V
SN1987A,47283.73,8.26,B
SN1987A,47283.73,6.04,I
SN1987A,47283.73,6.39,R
SN1987A,47283.73,9.14,U
SN1987A,47283.73,7.35,V
SN1987A,47285.72,8.28,B
SN1987A,47285.72,6.05,I
SN1987A,47285.72,6.42,R
SN1987A,47285.72,9.14,U
SN1987A,47285.72,7.38,V
SN1987A,47286.01,8.2800,B
SN1987A,47286.01,6.4300,I
SN1987A,47286.01,6.4200,R
SN1987A,47286.01,9.1500,U
SN1987A,47286.01,7.4300,V
SN1987A,47286.03,8.2900,B
SN1987A,47286.03,6.4400,I
SN1987A,47286.03,6.4300,R
SN1987A,47286.03,9.1800,U
SN1987A,47286.03,7.4500,V
SN1987A,47286.71,8.31,B
SN1987A,47286.71,6.08,I
SN1987A,47286.71,6.44,R
SN1987A,47286.71,9.16,U
SN1987A,47286.71,7.39,V
SN1987A,47287.71,8.3,B
SN1987A,47287.71,6.08,I
SN1987A,47287.71,6.44,R
SN1987A,47287.71,9.15,U
SN1987A,47287.71,7.39,V
SN1987A,47288.71,8.31,B
SN1987A,47288.71,6.11,I
SN1987A,47288.71,6.46,R
SN1987A,47288.71,9.18,U
SN1987A,47288.71,7.41,V
SN1987A,47289.00,8.3200,B
SN1987A,47289.00,6.4700,I
SN1987A,47289.00,6.4600,R
SN1987A,47289.00,9.2000,U
SN1987A,47289.00,7.4700,V
SN1987A,47289.01,8.3100,B
SN1987A,47289.01,6.4800,I
SN1987A,47289.01,6.4700,R
SN1987A,47289.01,9.1700,U
SN1987A,47289.01,7.4800,V
SN1987A,47289.02,8.3100,B
SN1987A,47289.02,6.4700,I
SN1987A,47289.02,6.4600,R
SN1987A,47289.02,9.1700,U
SN1987A,47289.02,7.4700,V
SN1987A,47289.71,8.32,B
SN1987A,47289.71,6.12,I
SN1987A,47289.71,6.49,R
SN1987A,47289.71,9.17,U
SN1987A,47289.71,7.42,V
SN1987A,47290.72,8.34,B
SN1987A,47290.72,6.13,I
SN1987A,47290.72,6.49,R
SN1987A,47290.72,9.19,U
SN1987A,47290.72,7.43,V
SN1987A,47291.73,8.35,B
SN1987A,47291.73,6.17,I
SN1987A,47291.73,6.51,R
SN1987A,47291.73,9.18,U
SN1987A,47291.73,7.45,V
SN1987A,47296.72,8.39,B
SN1987A,47296.72,6.22,I
SN1987A,47296.72,6.56,R
SN1987A,47296.72,9.19,U
SN1987A,47296.72,7.49,V
SN1987A,47297.72,8.4,B
SN1987A,47297.72,6.23,I
SN1987A,47297.72,6.57,R
SN1987A,47297.72,9.21,U
SN1987A,47297.72,7.52,V
SN1987A,47298.74,8.41,B
SN1987A,47298.74,6.24,I
SN1987A,47298.74,6.6,R
SN1987A,47298.74,9.22,U
SN1987A,47298.74,7.52,V
SN1987A,47304.00,8.4400,B
SN1987A,47304.00,6.7100,I
SN1987A,47304.00,6.6600,R
SN1987A,47304.00,9.2700,U
SN1987A,47304.00,7.6400,V
SN1987A,47304.98,8.4500,B
SN1987A,47304.98,6.7100,I
SN1987A,47304.98,6.6700,R
SN1987A,47304.98,9.2800,U
SN1987A,47304.98,7.6500,V
SN1987A,47304.99,8.4600,B
SN1987A,47304.99,6.7100,I
SN1987A,47304.99,6.6700,R
SN1987A,47304.99,9.2500,U
SN1987A,47304.99,7.6400,V
SN1987A,47310.76,8.57,B
SN1987A,47310.76,6.41,I
SN1987A,47310.76,6.76,R
SN1987A,47310.76,9.32,U
SN1987A,47310.76,7.68,V
SN1987A,47316.76,8.59,B
SN1987A,47316.76,6.5,I
SN1987A,47316.76,6.84,R
SN1987A,47316.76,9.36,U
SN1987A,47316.76,7.74,V
SN1987A,47321.17,8.67,B
SN1987A,47321.17,6.56,I
SN1987A,47321.17,6.92,R
SN1987A,47321.17,9.54,U
SN1987A,47321.17,7.8,V
SN1987A,47322.17,8.66,B
SN1987A,47322.17,6.58,I
SN1987A,47322.17,6.93,R
SN1987A,47322.17,9.41,U
SN1987A,47322.17,7.81,V
SN1987A,47322.7,8.65,B
SN1987A,47322.7,6.58,I
SN1987A,47322.7,6.92,R
SN1987A,47322.7,9.42,U
SN1987A,47322.7,7.8,V
SN1987A,47326.01,7.0300,I
SN1987A,47326.01,6.9800,R
SN1987A,47326.01,7.8900,V
SN1987A,47326.03,8.6500,B
SN1987A,47326.03,7.0300,I
SN1987A,47326.03,6.9500,R
SN1987A,47326.03,9.4600,U
SN1987A,47326.03,7.9000,V
SN1987A,47327.72,8.69,B
SN1987A,47327.72,6.66,I
SN1987A,47327.72,6.99,R
SN1987A,47327.72,9.4,U
SN1987A,47327.72,7.87,V
SN1987A,47328.72,8.71,B
SN1987A,47328.72,6.67,I
SN1987A,47328.72,7.01,R
SN1987A,47328.72,9.41,U
SN1987A,47328.72,7.87,V
SN1987A,47329.72,8.72,B
SN1987A,47329.72,6.69,I
SN1987A,47329.72,7.03,R
SN1987A,47329.72,9.41,U
SN1987A,47329.72,7.88,V
SN1987A,47330.72,8.73,B
SN1987A,47330.72,6.71,I
SN1987A,47330.72,7.04,R
SN1987A,47330.72,9.42,U
SN1987A,47330.72,7.9,V
SN1987A,47333.74,8.76,B
SN1987A,47333.74,6.74,I
SN1987A,47333.74,7.08,R
SN1987A,47333.74,9.46,U
SN1987A,47333.74,7.94,V
SN1987A,47334.17,8.79,B
SN1987A,47334.17,6.8,I
SN1987A,47334.17,7.14,R
SN1987A,47334.17,9.48,U
SN1987A,47334.17,7.98,V
SN1987A,47336.17,8.77,B
SN1987A,47336.17,6.78,I
SN1987A,47336.17,7.1,R
SN1987A,47336.17,9.46,U
SN1987A,47336.17,7.96,V
SN1987A,47337.14,8.8,B
SN1987A,47337.14,6.82,I
SN1987A,47337.14,7.12,R
SN1987A,47337.14,9.5,U
SN1987A,47337.14,7.97,V
SN1987A,47343.16,8.85,B
SN1987A,47343.16,6.91,I
SN1987A,47343.16,7.24,R
SN1987A,47343.16,9.51,U
SN1987A,47343.16,8.06,V
SN1987A,47353.16,8.93,B
SN1987A,47353.16,7.02,I
SN1987A,47353.16,7.37,R
SN1987A,47353.16,9.56,U
SN1987A,47353.16,8.15,V
SN1987A,47354.15,8.99,B
SN1987A,47354.15,7.1,I
SN1987A,47354.15,7.43,R
SN1987A,47354.15,9.65,U
SN1987A,47354.15,8.21,V
SN1987A,47355.16,8.99,B
SN1987A,47355.16,7.11,I
SN1987A,47355.16,7.44,R
SN1987A,47355.16,9.6,U
SN1987A,47355.16,8.22,V
SN1987A,47356.13,9,B
SN1987A,47356.13,7.12,I
SN1987A,47356.13,7.44,R
SN1987A,47356.13,9.61,U
SN1987A,47356.13,8.23,V
SN1987A,47357.16,9.01,B
SN1987A,47357.16,7.13,I
SN1987A,47357.16,7.45,R
SN1987A,47357.16,9.6,U
SN1987A,47357.16,8.25,V
SN1987A,47359.13,9.04,B
SN1987A,47359.13,7.17,I
SN1987A,47359.13,7.48,R
SN1987A,47359.13,9.64,U
SN1987A,47359.13,8.28,V
SN1987A,47362.15,9.07,B
SN1987A,47362.15,7.22,I
SN1987A,47362.15,7.54,R
SN1987A,47362.15,9.65,U
SN1987A,47362.15,8.32,V
SN1987A,47364.13,9.1,B
SN1987A,47364.13,7.25,I
SN1987A,47364.13,7.58,R
SN1987A,47364.13,9.68,U
SN1987A,47364.13,8.34,V
SN1987A,47365.13,9.12,B
SN1987A,47365.13,7.27,I
SN1987A,47365.13,7.58,R
SN1987A,47365.13,9.69,U
SN1987A,47365.13,8.36,V
SN1987A,47366.13,9.12,B
SN1987A,47366.13,7.29,I
SN1987A,47366.13,7.61,R
SN1987A,47366.13,9.69,U
SN1987A,47366.13,8.38,V
SN1987A,47367.13,9.14,B
SN1987A,47367.13,7.31,I
SN1987A,47367.13,7.62,R
SN1987A,47367.13,9.7,U
SN1987A,47367.13,8.39,V
SN1987A,47368.12,9.14,B
SN1987A,47368.12,7.33,I
SN1987A,47368.12,7.63,R
SN1987A,47368.12,9.72,U
SN1987A,47368.12,8.41,V
SN1987A,47369.14,9.15,B
SN1987A,47369.14,7.36,I
SN1987A,47369.14,7.64,R
SN1987A,47369.14,9.73,U
SN1987A,47369.14,8.42,V
SN1987A,47370.14,9.18,B
SN1987A,47370.14,7.4,I
SN1987A,47370.14,7.66,R
SN1987A,47370.14,9.75,U
SN1987A,47370.14,8.45,V
SN1987A,47372.13,9.19,B
SN1987A,47372.13,7.39,I
SN1987A,47372.13,7.7,R
SN1987A,47372.13,9.73,U
SN1987A,47372.13,8.46,V
SN1987A,47373.15,9.21,B
SN1987A,47373.15,7.41,I
SN1987A,47373.15,7.72,R
SN1987A,47373.15,9.74,U
SN1987A,47373.15,8.48,V
SN1987A,47374.15,9.22,B
SN1987A,47374.15,7.45,I
SN1987A,47374.15,7.74,R
SN1987A,47374.15,9.74,U
SN1987A,47374.15,8.5,V
SN1987A,47376.12,9.26,B
SN1987A,47376.12,7.47,I
SN1987A,47376.12,7.78,R
SN1987A,47376.12,9.78,U
SN1987A,47376.12,8.54,V
SN1987A,47377.13,9.26,B
SN1987A,47377.13,7.5,I
SN1987A,47377.13,7.79,R
SN1987A,47377.13,9.78,U
SN1987A,47377.13,8.56,V
SN1987A,47378.14,9.28,B
SN1987A,47378.14,7.53,I
SN1987A,47378.14,7.82,R
SN1987A,47378.14,9.79,U
SN1987A,47378.14,8.57,V
SN1987A,47379.12,9.3,B
SN1987A,47379.12,7.53,I
SN1987A,47379.12,7.84,R
SN1987A,47379.12,9.8,U
SN1987A,47379.12,8.58,V
SN1987A,47380.13,9.31,B
SN1987A,47380.13,7.55,I
SN1987A,47380.13,7.85,R
SN1987A,47380.13,9.81,U
SN1987A,47380.13,8.6,V
SN1987A,47382.14,9.33,B
SN1987A,47382.14,7.59,I
SN1987A,47382.14,7.9,R
SN1987A,47382.14,9.83,U
SN1987A,47382.14,8.64,V
SN1987A,47383.13,9.35,B
SN1987A,47383.13,7.61,I
SN1987A,47383.13,7.92,R
SN1987A,47383.13,9.83,U
SN1987A,47383.13,8.65,V
SN1987A,47384.13,9.36,B
SN1987A,47384.13,7.63,I
SN1987A,47384.13,7.93,R
SN1987A,47384.13,9.83,U
SN1987A,47384.13,8.67,V
SN1987A,47385.14,9.37,B
SN1987A,47385.14,7.66,I
SN1987A,47385.14,7.94,R
SN1987A,47385.14,9.83,U
SN1987A,47385.14,8.68,V
SN1987A,47386.13,9.39,B
SN1987A,47386.13,7.68,I
SN1987A,47386.13,7.97,R
SN1987A,47386.13,9.84,U
SN1987A,47386.13,8.7,V
SN1987A,47388.12,9.43,B
SN1987A,47388.12,7.72,I
SN1987A,47388.12,8.01,R
SN1987A,47388.12,9.88,U
SN1987A,47388.12,8.74,V
SN1987A,47389.15,9.43,B
SN1987A,47389.15,7.74,I
SN1987A,47389.15,8.03,R
SN1987A,47389.15,9.88,U
SN1987A,47389.15,8.75,V
SN1987A,47390.14,9.45,B
SN1987A,47390.14,7.76,I
SN1987A,47390.14,8.04,R
SN1987A,47390.14,9.89,U
SN1987A,47390.14,8.77,V
SN1987A,47393.13,9.5,B
SN1987A,47393.13,7.83,I
SN1987A,47393.13,8.11,R
SN1987A,47393.13,9.92,U
SN1987A,47393.13,8.82,V
SN1987A,47394.14,9.52,B
SN1987A,47394.14,7.84,I
SN1987A,47394.14,8.13,R
SN1987A,47394.14,9.95,U
SN1987A,47394.14,8.85,V
SN1987A,47399.09,9.6,B
SN1987A,47399.09,7.96,I
SN1987A,47399.09,8.24,R
SN1987A,47399.09,10.01,U
SN1987A,47399.09,8.94,V
SN1987A,47408.05,9.71,B
SN1987A,47408.05,8.13,I
SN1987A,47408.05,8.43,R
SN1987A,47408.05,10.07,U
SN1987A,47408.05,9.1,V
SN1987A,47408.14,9.72,B
SN1987A,47408.14,8.13,I
SN1987A,47408.14,8.42,R
SN1987A,47408.14,10.07,U
SN1987A,47408.14,9.1,V
SN1987A,47409.1,9.74,B
SN1987A,47409.1,8.16,I
SN1987A,47409.1,8.44,R
SN1987A,47409.1,10.07,U
SN1987A,47409.1,9.12,V
SN1987A,47410.08,9.77,B
SN1987A,47410.08,8.18,I
SN1987A,47410.08,8.48,R
SN1987A,47410.08,10.13,U
SN1987A,47410.08,9.15,V
SN1987A,47411.11,9.78,B
SN1987A,47411.11,8.21,I
SN1987A,47411.11,8.5,R
SN1987A,47411.11,10.13,U
SN1987A,47411.11,9.17,V
SN1987A,47412.02,9.8,B
SN1987A,47412.02,8.23,I
SN1987A,47412.02,8.51,R
SN1987A,47412.02,10.16,U
SN1987A,47412.02,9.19,V
SN1987A,47415.99,9.87,B
SN1987A,47415.99,8.3,I
SN1987A,47415.99,8.6,R
SN1987A,47415.99,10.2,U
SN1987A,47415.99,9.27,V
SN1987A,47417.02,9.89,B
SN1987A,47417.02,8.32,I
SN1987A,47417.02,8.62,R
SN1987A,47417.02,10.21,U
SN1987A,47417.02,9.3,V
SN1987A,47421.99,9.96,B
SN1987A,47421.99,8.45,I
SN1987A,47421.99,8.74,R
SN1987A,47421.99,10.25,U
SN1987A,47421.99,9.39,V
SN1987A,47425.0,10,B
SN1987A,47425.0,8.52,I
SN1987A,47425.0,8.81,R
SN1987A,47425.0,10.25,U
SN1987A,47425.0,9.45,V
SN1987A,47426.04,10.02,B
SN1987A,47426.04,8.55,I
SN1987A,47426.04,8.83,R
SN1987A,47426.04,10.26,U
SN1987A,47426.04,9.47,V
SN1987A,47427.08,10.01,B
SN1987A,47427.08,8.57,I
SN1987A,47427.08,8.85,R
SN1987A,47427.08,10.24,U
SN1987A,47427.08,9.48,V
SN1987A,47428.11,10.05,B
SN1987A,47428.11,8.59,I
SN1987A,47428.11,8.87,R
SN1987A,47428.11,10.27,U
SN1987A,47428.11,9.51,V
SN1987A,47429.03,10.06,B
SN1987A,47429.03,8.6,I
SN1987A,47429.03,8.89,R
SN1987A,47429.03,10.26,U
SN1987A,47429.03,9.52,V
SN1987A,47431.06,10.1,B
SN1987A,47431.06,8.64,I
SN1987A,47431.06,8.95,R
SN1987A,47431.06,10.3,U
SN1987A,47431.06,9.57,V
SN1987A,47435.04,10.17,B
SN1987A,47435.04,8.75,I
SN1987A,47435.04,9.05,R
SN1987A,47435.04,10.38,U
SN1987A,47435.04,9.67,V
SN1987A,47436.01,10.2,B
SN1987A,47436.01,8.77,I
SN1987A,47436.01,9.07,R
SN1987A,47436.01,10.37,U
SN1987A,47436.01,9.69,V
SN1987A,47437.03,10.21,B
SN1987A,47437.03,8.8,I
SN1987A,47437.03,9.09,R
SN1987A,47437.03,10.39,U
SN1987A,47437.03,9.71,V
SN1987A,47437.95,10.22,B
SN1987A,47437.95,8.83,I
SN1987A,47437.95,9.1,R
SN1987A,47437.95,10.41,U
SN1987A,47437.95,9.72,V
SN1987A,47439.06,10.23,B
SN1987A,47439.06,8.84,I
SN1987A,47439.06,9.13,R
SN1987A,47439.06,10.39,U
SN1987A,47439.06,9.74,V
SN1987A,47444.03,10.33,B
SN1987A,47444.03,8.96,I
SN1987A,47444.03,9.26,R
SN1987A,47444.03,10.46,U
SN1987A,47444.03,9.85,V
SN1987A,47447.91,10.41,B
SN1987A,47447.91,9.05,I
SN1987A,47447.91,9.34,R
SN1987A,47447.91,10.55,U
SN1987A,47447.91,9.94,V
SN1987A,47451.98,10.44,B
SN1987A,47451.98,9.1,I
SN1987A,47451.98,9.41,R
SN1987A,47451.98,10.53,U
SN1987A,47451.98,10,V
SN1987A,47453.08,10.47,B
SN1987A,47453.08,9.14,I
SN1987A,47453.08,9.45,R
SN1987A,47453.08,10.55,U
SN1987A,47453.08,10.03,V
SN1987A,47454.96,10.53,B
SN1987A,47454.96,9.2,I
SN1987A,47454.96,9.5,R
SN1987A,47454.96,10.65,U
SN1987A,47454.96,10.08,V
SN1987A,47457.96,10.59,B
SN1987A,47457.96,9.25,I
SN1987A,47457.96,9.56,R
SN1987A,47457.96,10.67,U
SN1987A,47457.96,10.13,V
SN1987A,47459.91,10.58,B
SN1987A,47459.91,9.27,I
SN1987A,47459.91,9.6,R
SN1987A,47459.91,10.68,U
SN1987A,47459.91,10.16,V
SN1987A,47461.02,10.61,B
SN1987A,47461.02,9.3,I
SN1987A,47461.02,9.62,R
SN1987A,47461.02,10.67,U
SN1987A,47461.02,10.18,V
SN1987A,47461.93,10.63,B
SN1987A,47461.93,9.3,I
SN1987A,47461.93,9.63,R
SN1987A,47461.93,10.68,U
SN1987A,47461.93,10.21,V
SN1987A,47463.9,10.65,B
SN1987A,47463.9,9.34,I
SN1987A,47463.9,9.67,R
SN1987A,47463.9,10.71,U
SN1987A,47463.9,10.25,V
SN1987A,47465.92,10.69,B
SN1987A,47465.92,9.39,I
SN1987A,47465.92,9.72,R
SN1987A,47465.92,10.76,U
SN1987A,47465.92,10.27,V
SN1987A,47529.5,11.7,B
SN1987A,47529.5,10.5,I
SN1987A,47529.5,10.92,R
SN1987A,47529.5,11.59,U
SN1987A,47529.5,11.48,V
SN1987A,47572.5,12.35,B
SN1987A,47572.5,11.15,I
SN1987A,47572.5,11.53,R
SN1987A,47572.5,12.14,U
SN1987A,47572.5,12.21,V
SN1987A,47599.5,12.59,B
SN1987A,47599.5,11.59,I
SN1987A,47599.5,11.92,R
SN1987A,47599.5,12.48,U
SN1987A,47599.5,12.64,V
SN1987A,47639.5,13.07,B
SN1987A,47639.5,12.07,I
SN1987A,47639.5,12.42,R
SN1987A,47639.5,12.91,U
SN1987A,47639.5,13.1,V
SN1987A,47642.5,13.19,B
SN1987A,47642.5,12.09,I
SN1987A,47642.5,12.38,R
SN1987A,47642.5,12.97,U
SN1987A,47642.5,13.13,V
SN1987A,47654.5,13.22,B
SN1987A,47654.5,12.27,I
SN1987A,47654.5,12.62,R
SN1987A,47654.5,13.02,U
SN1987A,47654.5,13.32,V
SN1987A,47668.5,13.42,B
SN1987A,47668.5,12.52,I
SN1987A,47668.5,12.81,R
SN1987A,47668.5,13.2,U
SN1987A,47668.5,13.5,V
SN1987A,47694.5,13.64,B
SN1987A,47694.5,12.88,I
SN1987A,47694.5,13.04,R
SN1987A,47694.5,13.43,U
SN1987A,47694.5,13.8,V
SN1987A,47789.5,14.69,B
SN1987A,47789.5,13.84,I
SN1987A,47789.5,13.85,R
SN1987A,47789.5,14.35,U
SN1987A,47789.5,14.72,V
SN1987A,47810.5,14.91,B
SN1987A,47810.5,14.17,I
SN1987A,47810.5,14.15,R
SN1987A,47810.5,14.56,U
SN1987A,47810.5,15.01,V
SN1987A,47818.5,14.95,B
SN1987A,47818.5,15.07,V
SN1987A,47840.5,15.13,B
SN1987A,47840.5,14.38,I
SN1987A,47840.5,14.33,R
SN1987A,47840.5,14.81,U
SN1987A,47840.5,15.16,V
SN1987A,47851.5,15.22,B
SN1987A,47851.5,14.45,I
SN1987A,47851.5,14.42,R
SN1987A,47851.5,14.82,U
SN1987A,47851.5,15.27,V
SN1987A,47872.5,15.38,B
SN1987A,47872.5,14.52,I
SN1987A,47872.5,14.47,R
SN1987A,47872.5,14.98,U
SN1987A,47872.5,15.4,V
SN1987A,47889.5,15.49,B
SN1987A,47889.5,14.61,I
SN1987A,47889.5,14.57,R
SN1987A,47889.5,15.23,U
SN1987A,47889.5,15.46,V
SN1987A,47895.5,15.58,B
SN1987A,47895.5,14.77,I
SN1987A,47895.5,14.71,R
SN1987A,47895.5,15.61,V
SN1987A,47936.5,15.88,B
SN1987A,47936.5,14.94,I
SN1987A,47936.5,14.88,R
SN1987A,47936.5,15.73,V
SN1987A,47960.5,16.01,B
SN1987A,47960.5,15.45,U
SN1987A,47960.5,15.88,V
SN1987A,47973.5,16.04,B
SN1987A,47973.5,15.45,U
SN1987A,47973.5,16.01,V
SN1987A,47996.5,16.09,B
SN1987A,47996.5,15.23,I
SN1987A,47996.5,15.13,R
SN1987A,47996.5,16.06,V
SN1987A,47997.5,16.22,B
SN1987A,47997.5,15.22,I
SN1987A,47997.5,15.14,R
SN1987A,47997.5,15.68,U
SN1987A,47997.5,16.07,V
SN1987A,48012.5,16.28,B
SN1987A,48012.5,15.3,I
SN1987A,48012.5,15.23,R
SN1987A,48012.5,15.73,U
SN1987A,48012.5,16.12,V
SN1987A,48017.5,16.2,B
SN1987A,48017.5,15.34,I
SN1987A,48017.5,15.25,R
SN1987A,48017.5,15.55,U
SN1987A,48017.5,16.15,V
SN1987A,48044.5,16.46,B
SN1987A,48044.5,15.52,I
SN1987A,48044.5,15.41,R
SN1987A,48044.5,15.75,U
SN1987A,48044.5,16.33,V
SN1987A,48070.5,16.47,B
SN1987A,48070.5,15.67,I
SN1987A,48070.5,15.41,R
SN1987A,48070.5,15.7,U
SN1987A,48070.5,16.43,V
SN1987A,48075.5,16.55,B
SN1987A,48075.5,15.61,I
SN1987A,48075.5,15.42,R
SN1987A,48075.5,15.92,U
SN1987A,48075.5,16.38,V
SN1987A,48103.5,16.66,B
SN1987A,48103.5,15.71,I
SN1987A,48103.5,15.55,R
SN1987A,48103.5,16.11,U
SN1987A,48103.5,16.48,V
SN1987A,48114.5,16.7,B
SN1987A,48114.5,15.71,I
SN1987A,48114.5,15.53,R
SN1987A,48114.5,16.1,U
SN1987A,48114.5,16.52,V
SN1987A,48144.5,15.83,I
SN1987A,48144.5,15.62,R
SN1987A,48144.5,16.63,V
SN1987A,48184.5,16.96,B
SN1987A,48184.5,15.88,I
SN1987A,48184.5,15.72,R
SN1987A,48184.5,16.36,U
SN1987A,48184.5,16.67,V
SN1987A,48190.5,16.94,B
SN1987A,48190.5,15.87,I
SN1987A,48190.5,15.78,R
SN1987A,48190.5,16.32,U
SN1987A,48190.5,16.64,V
SN1987A,48218.5,17.04,B
SN1987A,48218.5,15.94,I
SN1987A,48218.5,15.82,R
SN1987A,48218.5,16.4,U
SN1987A,48218.5,16.73,V
SN1987A,48231.5,17.12,B
SN1987A,48231.5,16.12,I
SN1987A,48231.5,15.94,R
SN1987A,48231.5,16.57,U
SN1987A,48231.5,16.93,V
SN1987A,48251.5,17.08,B
SN1987A,48251.5,16.1,I
SN1987A,48251.5,15.93,R
SN1987A,48251.5,16.37,U
SN1987A,48265.5,17.1,B
SN1987A,48265.5,16.09,I
SN1987A,48265.5,15.78,R
SN1987A,48265.5,16.53,U
SN1987A,48265.5,16.91,V
SN1987A,48269.5,17.11,B
SN1987A,48269.5,16.12,I
SN1987A,48269.5,15.83,R
SN1987A,48269.5,16.48,U
SN1987A,48269.5,16.89,V
SN1987A,48272.5,17.09,B
SN1987A,48272.5,16.03,I
SN1987A,48272.5,15.85,R
SN1987A,48272.5,16.55,U
SN1987A,48272.5,16.89,V
SN1987A,48318.5,17.34,B
SN1987A,48318.5,16.34,I
SN1987A,48318.5,17.14,V
SN1987A,48336.5,17.27,B
SN1987A,48336.5,16.31,I
SN1987A,48336.5,15.99,R
SN1987A,48336.5,17.07,V
SN1987A,48356.5,17.31,B
SN1987A,48396.5,17.39,B
SN1987A,48396.5,16.37,I
SN1987A,48396.5,16.11,R
SN1987A,48396.5,17.21,V
SN1987A,48443.5,17.34,V
SN1987A,51885.0,,
SN1987A,51885.0,,
SN1987A,51885.0,,
SN1987A,52007.0,,
SN1987A,52007.0,,
SN1987A,52024.0,,
SN1987A,52024.0,,
SN1987A,52024.0,,
SN1987A,52255.0,,
SN1987A,52255.0,,
SN1987A,52255.0,,
SN1987A,52409.0,,
SN1987A,52409.0,,
SN1987A,52409.0,,
SN1987A,52639.0,,
SN1987A,52639.0,,
SN1987A,52639.0,,
SN1987A,52778.0,,
SN1987A,52778.0,,
SN1987A,52828.0,,
SN1987A,52828.0,,
SN1987A,52828.0,,
SN1987A,53006.0,,
SN1987A,53006.0,,
SN1987A,53006.0,,
SN1987A,53208.0,,
SN1987A,53208.0,,
SN1987A,53208.0,,
SN1987A,53379.0,,
SN1987A,53379.0,,
SN1987A,53379.0,,
SN1987A,53562.0,,
SN1987A,53562.0,,
SN1987A,53562.0,,
SN1987A,53763.0,,
SN1987A,53763.0,,
SN1987A,53763.0,,
SN1987A,53943.0,,
SN1987A,53943.0,,
SN1987A,53943.0,,
SN1987A,54117.0,,
SN1987A,54117.0,,
SN1987A,54119.0,,
SN1987A,54119.0,,
SN1987A,54119.0,,
SN1987A,54294.0,,
SN1987A,54294.0,,
SN1987A,54294.0,,
SN1987A,54474.0,,
SN1987A,54474.0,,
SN1987A,54474.0,,
SN1987A,54476.0,,
SN1987A,54476.0,,
SN1987A,54648.0,,
SN1987A,54648.0,,
SN1987A,54648.0,,
SN1987A,54849.0,,
SN1987A,54849.0,,
SN1987A,54849.0,,
SN1987A,54862.0,,
SN1987A,54862.0,,
SN1987A,55018.0,,
SN1987A,55018.0,,
SN1987A,55018.0,,
SN1987A,55176.0,,
SN1987A,55176.0,,
SN1987A,55283.0,,
SN1987A,55283.0,,
SN1987A,55283.0,,
SN1987A,55467.0,,
SN1987A,55467.0,,
SN1987A,55467.0,,
SN1987A,55542.0,,
SN1987A,55542.0,,
SN1987A,55645.0,,
SN1987A,55645.0,,
SN1987A,55645.0,,
SN1987A,55825.0,,
SN1987A,55825.0,,
SN1987A,55825.0,,
SN1987A,55907.0,,
SN1987A,55907.0,,
SN1987A,56014.0,,
SN1987A,56014.0,,
SN1987A,56014.0,,
SN1987A,56272.0,,
SN1987A,56272.0,,
SN1987A,56372.0,,
SN1987A,56372.0,,
SN1987A,56372.0,,
SN1987A,56563.0,,
SN1987A,56563.0,,
SN1987A,56563.0,,
SN1987A,56735.0,,
SN1987A,56735.0,,
SN1987A,56735.0,,
SN1987A,56920.0,,
SN1987A,56920.0,,
SN1987A,56920.0,,
SN1987A,56990.0,,
SN1987A,56990.0,,
SN1987A,57095.0,,
SN1987A,57282.0,,
SN1987A,57282.0,,
SN1987A,57282.0,,
