#A list of time, magnitude, and bands for 2014J 
event,time,magnitude,band
SN2014J,56673.38,14.016,CLEAR
SN2014J,56675.35,12.778,CLEAR
SN2014J,56677.45,11.800,CLEAR
SN2014J,56677.68443724,11.3932586807338,R
SN2014J,56678.31205141,11.00561836355,R
SN2014J,56678.81414463,11.2078655297216,i'
SN2014J,56678.84552409,12.5056184232995,g'
SN2014J,56678.84552409,11.4662920294307,r'
SN2014J,56678.84552409,10.9325837003645,z'
SN2014J,56678.869,12.966,B
SN2014J,56678.869,11.721,V
SN2014J,56678.87,10.626,I
SN2014J,56678.87,11.105,R
SN2014J,56678.87690354,14.1573033049949,U
SN2014J,56678.87690354,11.9494379545218,V
SN2014J,56678.90828613,11.1235949161792,R
SN2014J,56679.06518967,11.0561795725355,R
SN2014J,56679.37,13.185,B
SN2014J,56679.37,11.229,CLEAR
SN2014J,56679.37,10.849,I
SN2014J,56679.37,11.155,R
SN2014J,56679.37,11.820,V
SN2014J,56679.4377,16.968,UVW2
SN2014J,56679.4377,17.05,UVW2
SN2014J,56679.4496,20.050,UVM2
SN2014J,56679.4496,20.113,UVM2
SN2014J,56679.4617,15.722,UVW1
SN2014J,56679.4617,15.771,UVW1
SN2014J,56679.6300418,12.235954658745,g'
SN2014J,56679.66142439,12.8426963365081,B
SN2014J,56679.66142439,10.9550559595749,R
SN2014J,56679.66142439,12.2191017190763,g'
SN2014J,56679.66142439,10.9213488254984,i'
SN2014J,56679.66142439,11.1573031257465,i'
SN2014J,56679.66142439,11.0449434429302,r'
SN2014J,56679.66142439,11.2471906688513,r'
SN2014J,56679.69280384,10.8707864812728,R
SN2014J,56679.866,12.695,B
SN2014J,56679.867,10.358,I
SN2014J,56679.867,10.859,R
SN2014J,56679.867,11.482,V
SN2014J,56679.88108997,13.0617976970876,B
SN2014J,56679.88108997,10.8876406159311,R
SN2014J,56679.88108997,11.6629212502986,V
SN2014J,56679.94385202,10.803371137629,R
SN2014J,56680.03799352,10.8876406159311,R
SN2014J,56680.05,12.295,g
SN2014J,56680.05,10.836,i
SN2014J,56680.05,10.941,r
SN2014J,56680.05,10.415,z
SN2014J,56680.1872,16.675,UVW2
SN2014J,56680.1872,16.757,UVW2
SN2014J,56680.1989,20.242,UVM2
SN2014J,56680.1989,20.306,UVM2
SN2014J,56680.20,,
SN2014J,56680.2002,15.565,UVW1
SN2014J,56680.2002,15.614,UVW1
SN2014J,56680.37,12.847,B
SN2014J,56680.37,10.924,CLEAR
SN2014J,56680.37,10.531,I
SN2014J,56680.37,10.846,R
SN2014J,56680.37,11.546,V
SN2014J,56680.5633,13.810,U
SN2014J,56680.5633,13.814,U
SN2014J,56680.5646,12.746,B
SN2014J,56680.5682,11.529,V
SN2014J,56680.5954,15.482,UVW1
SN2014J,56680.5954,15.532,UVW1
SN2014J,56680.5998,16.554,UVW2
SN2014J,56680.5998,16.636,UVW2
SN2014J,56680.6036,19.748,UVM2
SN2014J,56680.6036,19.811,UVM2
SN2014J,56680.6300,13.789,U
SN2014J,56680.63,13.793,U
SN2014J,56680.6313,12.785,B
SN2014J,56680.63422823,12.5730337669433,B
SN2014J,56680.63422823,12.0674157021407,g'
SN2014J,56680.63422823,10.6853933302606,i'
SN2014J,56680.63422823,10.8258432773405,r'
SN2014J,56680.6349,11.528,V
SN2014J,56680.94803532,12.8089892621811,B
SN2014J,56680.94803532,10.634830986035,R
SN2014J,56680.94803532,11.3764045460754,V
SN2014J,56681.3625,13.646,U
SN2014J,56681.3625,13.65,U
SN2014J,56681.3638,12.592,B
SN2014J,56681.3674,11.397,V
SN2014J,56681.3946,15.192,UVW1
SN2014J,56681.3946,15.241,UVW1
SN2014J,56681.3990,16.350,UVW2
SN2014J,56681.399,16.431,UVW2
SN2014J,56681.40,,
SN2014J,56681.4042,19.930,UVM2
SN2014J,56681.4042,19.999,UVM2
SN2014J,56681.4291,13.570,U
SN2014J,56681.4291,13.575,U
SN2014J,56681.4304,12.6,B
SN2014J,56681.434,11.403,V
SN2014J,56681.63,12.49,B
SN2014J,56681.63,10.03,I
SN2014J,56681.63,10.52,R
SN2014J,56681.63,11.2,V
SN2014J,56681.70117358,11.882022610878,g'
SN2014J,56681.70117358,10.6011238519585,i'
SN2014J,56681.70117358,10.7415726040486,r'
SN2014J,56681.70117358,10.3426961572597,z'
SN2014J,56681.76393562,11.1741573201543,V
SN2014J,56681.79531508,12.4213477500077,B
SN2014J,56681.79531508,10.4662920294307,R
SN2014J,56681.79531508,13.634831105534,U
SN2014J,56681.828,12.329,B
SN2014J,56681.829,10.527,R
SN2014J,56681.829,11.129,V
SN2014J,56681.83,10.041,I
SN2014J,56682.0345,13.454,U
SN2014J,56682.0345,13.458,U
SN2014J,56682.0362,12.513,B
SN2014J,56682.0396,11.277,V
SN2014J,56682.1699,16.190,UVW2
SN2014J,56682.1699,16.271,UVW2
SN2014J,56682.1765,20.062,UVM2
SN2014J,56682.1765,20.125,UVM2
SN2014J,56682.1821,15.108,UVW1
SN2014J,56682.1821,15.156,UVW1
SN2014J,56682.33,12.473,B
SN2014J,56682.33,10.594,CLEAR
SN2014J,56682.33,10.216,I
SN2014J,56682.33,10.580,R
SN2014J,56682.33,11.233,V
SN2014J,56682.64259484,10.3651684164702,R
SN2014J,56682.64259484,13.3483144013108,U
SN2014J,56682.64259484,11.0393254378771,V
SN2014J,56682.64259484,11.5955059066548,g'
SN2014J,56682.64259484,10.4157307606958,i'
SN2014J,56682.64259484,10.4382017651671,r'
SN2014J,56682.6647,20.145,UVM2
SN2014J,56682.6647,20.217,UVM2
SN2014J,56682.67397742,10.5730336474443,r'
SN2014J,56682.67397742,10.1404489313386,z'
SN2014J,56682.6802,16.160,UVW2
SN2014J,56682.6802,16.241,UVW2
SN2014J,56682.70535688,11.7134836542737,g'
SN2014J,56682.70535688,10.533707313325,i'
SN2014J,56682.874,12.209,B
SN2014J,56682.875,10.412,R
SN2014J,56682.875,11,V
SN2014J,56682.876,9.911,I
SN2014J,56682.97,11.733,g
SN2014J,56682.97,10.397,i
SN2014J,56682.97,10.554,r
SN2014J,56682.97,10.072,z
SN2014J,56682.98778451,10.4494378947723,R
SN2014J,56683.01916397,10.4325837601139,R
SN2014J,56683.37,12.335,B
SN2014J,56683.37,10.511,CLEAR
SN2014J,56683.37,10.105,I
SN2014J,56683.37,10.462,R
SN2014J,56683.37,11.028,V
SN2014J,56683.3758,13.253,U
SN2014J,56683.3758,13.257,U
SN2014J,56683.3771,12.373,B
SN2014J,56683.3807,11.139,V
SN2014J,56683.4018,14.899,UVW1
SN2014J,56683.4018,14.948,UVW1
SN2014J,56683.4062,16.027,UVW2
SN2014J,56683.4062,16.108,UVW2
SN2014J,56683.4095,19.832,UVM2
SN2014J,56683.4095,19.895,UVM2
SN2014J,56683.4303,13.223,U
SN2014J,56683.4303,13.227,U
SN2014J,56683.4316,12.323,B
SN2014J,56683.4352,11.147,V
SN2014J,56683.67816072,12.2191017190763,B
SN2014J,56683.67816072,10.280898938168,R
SN2014J,56683.67816072,13.3314602666524,U
SN2014J,56683.80368481,11.6460671156402,g'
SN2014J,56683.80368481,10.4719100344838,r'
SN2014J,56683.83506427,11.6292129809819,g'
SN2014J,56683.83506427,10.382022491379,i'
SN2014J,56683.857,12.105,B
SN2014J,56683.858,10.331,R
SN2014J,56683.858,10.892,V
SN2014J,56683.859,9.833,I
SN2014J,56683.97,11.582,g
SN2014J,56683.97,10.281,i
SN2014J,56683.97,10.504,r
SN2014J,56683.97,9.872,z
SN2014J,56684.0,12.142,B
SN2014J,56684.0,9.802,I
SN2014J,56684.0,10.282,R
SN2014J,56684.0,10.921,V
SN2014J,56684.36,12.239,B
SN2014J,56684.36,10.450,CLEAR
SN2014J,56684.36,10.070,I
SN2014J,56684.36,10.310,R
SN2014J,56684.36,10.942,V
SN2014J,56684.3628,13.107,U
SN2014J,56684.3628,13.112,U
SN2014J,56684.3641,12.243,B
SN2014J,56684.3677,11.005,V
SN2014J,56684.3949,14.820,UVW1
SN2014J,56684.3949,14.868,UVW1
SN2014J,56684.3993,15.884,UVW2
SN2014J,56684.3993,15.965,UVW2
SN2014J,56684.4040,19.674,UVM2
SN2014J,56684.404,19.741,UVM2
SN2014J,56684.4295,13.143,U
SN2014J,56684.4295,13.147,U
SN2014J,56684.4307,12.233,B
SN2014J,56684.4344,11.04,V
SN2014J,56684.5704,19.723,UVM2
SN2014J,56684.5704,19.79,UVM2
SN2014J,56684.61958198,12.0674157021407,B
SN2014J,56684.61958198,11.5449435026797,g'
SN2014J,56684.61958198,10.2640447437602,i'
SN2014J,56684.61958198,10.1741655655832,z'
SN2014J,56684.65096457,12.2191017190763,B
SN2014J,56684.65096457,13.3314602666524,U
SN2014J,56684.65096457,10.8876406159311,V
SN2014J,56684.65096457,11.5280893680213,g'
SN2014J,56684.65096457,10.3033710778795,r'
SN2014J,56684.68234403,10.2640448035096,R
SN2014J,56684.77648553,11.5617976373381,g'
SN2014J,56684.77648553,10.3483142220623,i'
SN2014J,56684.80786811,10.4213488254984,r'
SN2014J,56684.99615111,12.1685393151012,B
SN2014J,56684.99615111,10.280898938168,R
SN2014J,56684.99615111,10.3314601471534,R
SN2014J,56684.99615111,10.9213488852479,V
SN2014J,56685,8.98,I2
SN2014J,56685.0275337,10.3483142818118,R
SN2014J,56685.62376841,12.0000003584969,B
SN2014J,56685.62376841,11.4775281590359,g'
SN2014J,56685.62376841,10.2809096333258,i'
SN2014J,56685.62376841,10.320232382476,r'
SN2014J,56685.62376841,10.4550558998254,r'
SN2014J,56685.6426,13.039,U
SN2014J,56685.6426,13.044,U
SN2014J,56685.6439,12.156,B
SN2014J,56685.6475,10.921,V
SN2014J,56685.65514787,10.3820225511285,R
SN2014J,56685.6747,14.695,UVW1
SN2014J,56685.6747,14.743,UVW1
SN2014J,56685.6791,15.855,UVW2
SN2014J,56685.6791,15.936,UVW2
SN2014J,56685.6831,19.298,UVM2
SN2014J,56685.6831,19.362,UVM2
SN2014J,56685.7,12.08,B
SN2014J,56685.7,9.77,I
SN2014J,56685.7,10.24,R
SN2014J,56685.7,13,U
SN2014J,56685.7,10.77,V
SN2014J,56685.7093,13.018,U
SN2014J,56685.7093,13.022,U
SN2014J,56685.7105,12.141,B
SN2014J,56685.7142,10.903,V
SN2014J,56686.00033754,10.3483142818118,R
SN2014J,56686.06309646,10.3483142818118,R
SN2014J,56686.09447904,10.8539323466144,V
SN2014J,56686.1258585,12.033707432824,B
SN2014J,56686.1258585,10.2134835945242,R
SN2014J,56686.4080,19.594,UVM2
SN2014J,56686.408,19.661,UVM2
SN2014J,56686.63,11.99,B
SN2014J,56686.63,9.72,I
SN2014J,56686.63,10.16,R
SN2014J,56686.63,12.9,U
SN2014J,56686.63,10.7,V
SN2014J,56686.65933117,13.2640449230086,U
SN2014J,56686.69071376,12.0505615674823,B
SN2014J,56686.69071376,10.1629211905491,R
SN2014J,56686.69071376,10.803371137629,V
SN2014J,56686.7748,12.984,U
SN2014J,56686.7748,12.988,U
SN2014J,56686.7761,12.146,B
SN2014J,56686.7797,10.872,V
SN2014J,56686.8083,14.566,UVW1
SN2014J,56686.8083,14.616,UVW1
SN2014J,56686.8127,15.786,UVW2
SN2014J,56686.8127,15.868,UVW2
SN2014J,56686.8159,19.852,UVM2
SN2014J,56686.8159,19.921,UVM2
SN2014J,56686.8443,12.971,U
SN2014J,56686.8443,12.975,U
SN2014J,56686.8455,12.094,B
SN2014J,56686.8492,10.85,V
SN2014J,56687.2067,14.547,UVW1
SN2014J,56687.2067,14.598,UVW1
SN2014J,56687.5767,19.651,UVM2
SN2014J,56687.5767,19.718,UVM2
SN2014J,56687.67,11.98,B
SN2014J,56687.67,9.72,I
SN2014J,56687.67,10.14,R
SN2014J,56687.67,13.02,U
SN2014J,56687.67,10.67,V
SN2014J,56687.7679,14.545,UVW1
SN2014J,56687.7679,14.595,UVW1
SN2014J,56687.8941,12.998,U
SN2014J,56687.8941,13.002,U
SN2014J,56687.8954,12.052,B
SN2014J,56687.899,10.802,V
SN2014J,56687.9318,15.785,UVW2
SN2014J,56687.9318,15.866,UVW2
SN2014J,56687.9436,19.681,UVM2
SN2014J,56687.9436,19.748,UVM2
SN2014J,56687.9604,14.519,UVW1
SN2014J,56687.9604,14.569,UVW1
SN2014J,56687.9631,12.972,U
SN2014J,56687.9631,12.976,U
SN2014J,56687.9644,12.056,B
SN2014J,56687.968,10.781,V
SN2014J,56688.0291,12.980,U
SN2014J,56688.0291,12.984,U
SN2014J,56688.19699028,10.1123599815637,R
SN2014J,56688.19699028,10.7191016593268,V
SN2014J,56688.22836973,12.0505615674823,B
SN2014J,56688.2962,12.996,U
SN2014J,56688.2962,13.0,U
SN2014J,56688.2974,12.015,B
SN2014J,56688.3011,10.765,V
SN2014J,56688.3281,14.535,UVW1
SN2014J,56688.3281,14.585,UVW1
SN2014J,56688.3326,15.726,UVW2
SN2014J,56688.3326,15.807,UVW2
SN2014J,56688.3363,19.074,UVM2
SN2014J,56688.3363,19.137,UVM2
SN2014J,56688.3626,12.982,U
SN2014J,56688.3626,12.986,U
SN2014J,56688.3639,12.065,B
SN2014J,56688.3675,10.804,V
SN2014J,56688.63,11.95,B
SN2014J,56688.63,9.71,I
SN2014J,56688.63,10.11,R
SN2014J,56688.63,12.93,U
SN2014J,56688.63,10.61,V
SN2014J,56688.8,11.846,B
SN2014J,56688.8,9.697,I
SN2014J,56688.8,10.093,R
SN2014J,56688.8,10.669,V
SN2014J,56688.893,11.888,B
SN2014J,56688.894,10.141,R
SN2014J,56688.894,10.621,V
SN2014J,56688.895,9.768,I
SN2014J,56689.3029,13.032,U
SN2014J,56689.3029,13.036,U
SN2014J,56689.3042,12.059,B
SN2014J,56689.3078,10.795,V
SN2014J,56689.3308,14.585,UVW1
SN2014J,56689.3308,14.635,UVW1
SN2014J,56689.3352,15.788,UVW2
SN2014J,56689.3352,15.87,UVW2
SN2014J,56689.3404,20.141,UVM2
SN2014J,56689.3404,20.205,UVM2
SN2014J,56689.3612,13.033,U
SN2014J,56689.3612,13.037,U
SN2014J,56689.3625,12.062,B
SN2014J,56689.3661,10.797,V
SN2014J,56689.39,12.037,B
SN2014J,56689.39,10.271,CLEAR
SN2014J,56689.39,9.970,I
SN2014J,56689.39,10.192,R
SN2014J,56689.39,10.689,V
SN2014J,56689.4154,15.759,UVW2
SN2014J,56689.4154,15.84,UVW2
SN2014J,56689.5060,15.728,UVW2
SN2014J,56689.506,15.811,UVW2
SN2014J,56689.6364,19.736,UVM2
SN2014J,56689.6364,19.804,UVM2
SN2014J,56689.801,11.86,B
SN2014J,56689.801,10.601,V
SN2014J,56689.802,9.787,I
SN2014J,56689.802,10.124,R
SN2014J,56690.20535688,11.9831474188282,B
SN2014J,56690.20535688,10.7022499146479,V
SN2014J,56690.23673634,10.0955058469053,R
SN2014J,56690.2956,13.056,U
SN2014J,56690.2956,13.06,U
SN2014J,56690.2969,12.081,B
SN2014J,56690.30,12.028,B
SN2014J,56690.30,10.316,CLEAR
SN2014J,56690.30,9.977,I
SN2014J,56690.30,10.185,R
SN2014J,56690.30,10.661,V
SN2014J,56690.3005,10.769,V
SN2014J,56690.3278,14.659,UVW1
SN2014J,56690.3278,14.662,UVW1
SN2014J,56690.3322,15.729,UVW2
SN2014J,56690.3322,15.811,UVW2
SN2014J,56690.3360,19.703,UVM2
SN2014J,56690.336,19.771,UVM2
SN2014J,56690.3625,13.072,U
SN2014J,56690.3625,13.076,U
SN2014J,56690.3637,12.064,B
SN2014J,56690.3674,10.772,V
SN2014J,56690.6795,19.740,UVM2
SN2014J,56690.6795,19.808,UVM2
SN2014J,56690.68,11.85,B
SN2014J,56690.68,9.86,I
SN2014J,56690.68,10.05,R
SN2014J,56690.68,12.72,U
SN2014J,56690.68,10.56,V
SN2014J,56691.0,11.971,B
SN2014J,56691.0,9.827,I
SN2014J,56691.0,10.040,R
SN2014J,56691.0,10.622,V
SN2014J,56691.0513,15.840,UVW2
SN2014J,56691.0513,15.921,UVW2
SN2014J,56691.07,11.267,g
SN2014J,56691.07,10.311,i
SN2014J,56691.07,10.213,r
SN2014J,56691.07,9.977,z
SN2014J,56691.1180,15.771,UVW2
SN2014J,56691.118,15.853,UVW2
SN2014J,56691.4288,13.132,U
SN2014J,56691.4288,13.136,U
SN2014J,56691.4301,12.071,B
SN2014J,56691.4337,10.744,V
SN2014J,56691.4607,14.682,UVW1
SN2014J,56691.4607,14.698,UVW1
SN2014J,56691.4652,15.794,UVW2
SN2014J,56691.4652,15.875,UVW2
SN2014J,56691.4693,19.837,UVM2
SN2014J,56691.4693,19.907,UVM2
SN2014J,56691.4952,13.137,U
SN2014J,56691.4952,13.141,U
SN2014J,56691.4964,12.073,B
SN2014J,56691.5,10.764,V
SN2014J,56691.7,11.88,B
SN2014J,56691.7,9.9,I
SN2014J,56691.7,10.06,R
SN2014J,56691.7,12.79,U
SN2014J,56691.7,10.57,V
SN2014J,56692.0,11.931,B
SN2014J,56692.0,9.858,I
SN2014J,56692.0,10.071,R
SN2014J,56692.0,10.588,V
SN2014J,56692.10,11.278,g
SN2014J,56692.10,10.340,i
SN2014J,56692.10,10.199,r
SN2014J,56692.10,10.018,z
SN2014J,56692.2950,13.217,U
SN2014J,56692.295,13.221,U
SN2014J,56692.2962,12.118,B
SN2014J,56692.2999,10.722,V
SN2014J,56692.3296,14.723,UVW1
SN2014J,56692.3296,14.772,UVW1
SN2014J,56692.3341,15.785,UVW2
SN2014J,56692.3341,15.867,UVW2
SN2014J,56692.3382,19.840,UVM2
SN2014J,56692.3382,19.909,UVM2
SN2014J,56692.3668,13.243,U
SN2014J,56692.3668,13.247,U
SN2014J,56692.368,12.106,B
SN2014J,56692.3717,10.749,V
SN2014J,56692.5330,19.694,UVM2
SN2014J,56692.533,19.762,UVM2
SN2014J,56692.67,11.91,B
SN2014J,56692.67,9.93,I
SN2014J,56692.67,10.08,R
SN2014J,56692.67,12.79,U
SN2014J,56692.67,10.58,V
SN2014J,56692.7855,15.800,UVW2
SN2014J,56692.7855,15.882,UVW2
SN2014J,56692.97,11.284,g
SN2014J,56692.97,10.354,i
SN2014J,56692.97,10.218,r
SN2014J,56692.97,10.044,z
SN2014J,56693.0,11.965,B
SN2014J,56693.0,9.819,I
SN2014J,56693.0,10.078,R
SN2014J,56693.0,10.584,V
SN2014J,56693.6278,13.315,U
SN2014J,56693.6278,13.319,U
SN2014J,56693.6291,12.089,B
SN2014J,56693.6327,10.73,V
SN2014J,56693.6599,14.809,UVW1
SN2014J,56693.6599,14.858,UVW1
SN2014J,56693.6643,15.859,UVW2
SN2014J,56693.6643,15.941,UVW2
SN2014J,56693.6695,19.772,UVM2
SN2014J,56693.6695,19.841,UVM2
SN2014J,56693.67,11.94,B
SN2014J,56693.67,9.95,I
SN2014J,56693.67,10.08,R
SN2014J,56693.67,12.73,U
SN2014J,56693.67,10.59,V
SN2014J,56693.6945,13.294,U
SN2014J,56693.6945,13.298,U
SN2014J,56693.6958,12.143,B
SN2014J,56693.6994,10.803,V
SN2014J,56693.8408,15.878,UVW2
SN2014J,56693.8408,15.96,UVW2
SN2014J,56693.9076,15.887,UVW2
SN2014J,56693.9076,15.969,UVW2
SN2014J,56693.99,12.01,B
SN2014J,56693.99,9.99,I
SN2014J,56693.99,10.11,R
SN2014J,56693.99,12.88,U
SN2014J,56693.99,10.65,V
SN2014J,56694.68,11.99,B
SN2014J,56694.68,9.99,I
SN2014J,56694.68,10.12,R
SN2014J,56694.68,10.61,V
SN2014J,56694.9746,20.130,UVM2
SN2014J,56694.9746,20.203,UVM2
SN2014J,56695,9.59,I1
SN2014J,56695,9.69,I2
SN2014J,56695.4947,13.477,U
SN2014J,56695.4947,13.481,U
SN2014J,56695.4959,12.188,B
SN2014J,56695.4996,10.775,V
SN2014J,56695.5189,16.028,UVW2
SN2014J,56695.5189,16.111,UVW2
SN2014J,56695.5267,14.862,UVW1
SN2014J,56695.5267,14.912,UVW1
SN2014J,56695.5312,15.995,UVW2
SN2014J,56695.5312,16.077,UVW2
SN2014J,56695.5363,19.947,UVM2
SN2014J,56695.5363,20.018,UVM2
SN2014J,56695.5613,13.478,U
SN2014J,56695.5613,13.482,U
SN2014J,56695.5626,12.188,B
SN2014J,56695.5662,10.775,V
SN2014J,56695.66,12.03,B
SN2014J,56695.66,10.02,I
SN2014J,56695.66,10.17,R
SN2014J,56695.66,10.63,V
SN2014J,56695.6603,14.887,UVW1
SN2014J,56695.6603,14.937,UVW1
SN2014J,56695.6754,15.972,UVW2
SN2014J,56695.6754,16.055,UVW2
SN2014J,56696.6288,13.563,U
SN2014J,56696.6288,13.567,U
SN2014J,56696.63,12.215,B
SN2014J,56696.6337,10.797,V
SN2014J,56696.6609,14.949,UVW1
SN2014J,56696.6609,14.999,UVW1
SN2014J,56696.6653,15.986,UVW2
SN2014J,56696.6653,16.068,UVW2
SN2014J,56696.6696,19.962,UVM2
SN2014J,56696.6696,20.026,UVM2
SN2014J,56696.6955,13.556,U
SN2014J,56696.6955,13.56,U
SN2014J,56696.6968,12.3,B
SN2014J,56696.7004,10.815,V
SN2014J,56696.7182,15.995,UVW2
SN2014J,56696.7182,16.077,UVW2
SN2014J,56696.8113,15.963,UVW2
SN2014J,56696.8113,16.046,UVW2
SN2014J,56696.8676,20.110,UVM2
SN2014J,56696.8676,20.184,UVM2
SN2014J,56697.2979,13.683,U
SN2014J,56697.2979,13.687,U
SN2014J,56697.2992,12.319,B
SN2014J,56697.3028,10.816,V
SN2014J,56697.3300,15.016,UVW1
SN2014J,56697.33,15.066,UVW1
SN2014J,56697.3344,16.060,UVW2
SN2014J,56697.3344,16.142,UVW2
SN2014J,56697.3386,20.014,UVM2
SN2014J,56697.3386,20.086,UVM2
SN2014J,56697.3646,13.657,U
SN2014J,56697.3646,13.661,U
SN2014J,56697.3658,12.294,B
SN2014J,56697.3695,10.829,V
SN2014J,56698.12,11.414,g
SN2014J,56698.12,10.610,i
SN2014J,56698.12,10.435,r
SN2014J,56698.12,10.172,z
SN2014J,56698.4636,20.647,UVM2
SN2014J,56698.4636,20.73,UVM2
SN2014J,56698.6297,13.777,U
SN2014J,56698.6297,13.781,U
SN2014J,56698.631,12.381,B
SN2014J,56698.6346,10.93,V
SN2014J,56698.6606,15.162,UVW1
SN2014J,56698.6606,15.212,UVW1
SN2014J,56698.6650,15.961,UVW2
SN2014J,56698.665,16.043,UVW2
SN2014J,56698.6691,20.080,UVM2
SN2014J,56698.6691,20.145,UVM2
SN2014J,56698.6940,13.797,U
SN2014J,56698.694,13.801,U
SN2014J,56698.6952,12.374,B
SN2014J,56698.6988,10.884,V
SN2014J,56699.2359,13.883,U
SN2014J,56699.2359,13.887,U
SN2014J,56699.2372,12.451,B
SN2014J,56699.2408,10.904,V
SN2014J,56699.2637,15.244,UVW1
SN2014J,56699.2637,15.294,UVW1
SN2014J,56699.2681,16.287,UVW2
SN2014J,56699.2681,16.37,UVW2
SN2014J,56699.2732,20.183,UVM2
SN2014J,56699.2732,20.257,UVM2
SN2014J,56699.2940,13.855,U
SN2014J,56699.294,13.859,U
SN2014J,56699.2952,12.46,B
SN2014J,56699.2989,10.928,V
SN2014J,56699.67,12.29,B
SN2014J,56699.67,10.27,I
SN2014J,56699.67,10.42,R
SN2014J,56699.67,13.06,U
SN2014J,56699.67,10.82,V
SN2014J,56699.918,10.302,I
SN2014J,56699.918,10.536,R
SN2014J,56699.928,10.975,V
SN2014J,56699.931,12.408,B
SN2014J,56700,10.01,I1
SN2014J,56700,10.49,I2
SN2014J,56700.43,12.542,B
SN2014J,56700.43,10.696,CLEAR
SN2014J,56700.43,10.495,I
SN2014J,56700.43,10.702,R
SN2014J,56700.43,10.982,V
SN2014J,56700.7,12.39,B
SN2014J,56700.7,10.32,I
SN2014J,56700.7,10.52,R
SN2014J,56700.7,10.89,V
SN2014J,56700.802,10.298,I
SN2014J,56700.804,12.426,B
SN2014J,56700.804,10.948,V
SN2014J,56700.806,10.591,R
SN2014J,56700.98,11.540,g
SN2014J,56700.98,10.967,i
SN2014J,56700.98,10.694,r
SN2014J,56700.98,10.269,z
SN2014J,56701.30,12.646,B
SN2014J,56701.30,10.943,CLEAR
SN2014J,56701.30,10.551,I
SN2014J,56701.30,10.838,R
SN2014J,56701.30,11.129,V
SN2014J,56701.4273,14.045,U
SN2014J,56701.4273,14.049,U
SN2014J,56701.4285,12.61,B
SN2014J,56701.4322,11.052,V
SN2014J,56701.4594,15.408,UVW1
SN2014J,56701.4594,15.459,UVW1
SN2014J,56701.4638,16.465,UVW2
SN2014J,56701.4638,16.549,UVW2
SN2014J,56701.4692,20.256,UVM2
SN2014J,56701.4692,20.322,UVM2
SN2014J,56701.4940,14.073,U
SN2014J,56701.494,14.078,U
SN2014J,56701.4952,12.595,B
SN2014J,56701.4988,11.042,V
SN2014J,56701.79,11.627,g
SN2014J,56701.79,10.908,i
SN2014J,56701.79,10.719,r
SN2014J,56701.79,10.254,z
SN2014J,56701.793,12.513,B
SN2014J,56701.793,10.996,V
SN2014J,56701.794,10.652,R
SN2014J,56701.796,10.337,I
SN2014J,56701.8,12.48,B
SN2014J,56701.8,10.37,I
SN2014J,56701.8,10.6,R
SN2014J,56701.8,13.46,U
SN2014J,56701.8,10.95,V
SN2014J,56701.95,12.55,B
SN2014J,56701.95,10.38,I
SN2014J,56701.95,10.57,R
SN2014J,56701.95,13.53,U
SN2014J,56701.95,10.94,V
SN2014J,56702.30,10.872,CLEAR
SN2014J,56702.4981,20.934,UVM2
SN2014J,56702.4981,21.025,UVM2
SN2014J,56702.8273,14.239,U
SN2014J,56702.8273,14.244,U
SN2014J,56702.8286,12.732,B
SN2014J,56702.8322,11.123,V
SN2014J,56702.844,12.625,B
SN2014J,56702.845,11.104,V
SN2014J,56702.846,10.38,I
SN2014J,56702.846,10.735,R
SN2014J,56702.8594,15.520,UVW1
SN2014J,56702.8594,15.572,UVW1
SN2014J,56702.8638,16.548,UVW2
SN2014J,56702.8638,16.632,UVW2
SN2014J,56702.8689,20.173,UVM2
SN2014J,56702.8689,20.238,UVM2
SN2014J,56702.8940,14.238,U
SN2014J,56702.894,14.242,U
SN2014J,56702.8953,12.698,B
SN2014J,56702.8989,11.116,V
SN2014J,56702.97,11.687,g
SN2014J,56702.97,10.970,i
SN2014J,56702.97,10.787,r
SN2014J,56702.97,10.267,z
SN2014J,56703.0,12.818,B
SN2014J,56703.0,10.367,I
SN2014J,56703.0,10.655,R
SN2014J,56703.0,11.136,V
SN2014J,56703.34,12.887,B
SN2014J,56703.34,10.866,CLEAR
SN2014J,56703.34,10.599,I
SN2014J,56703.34,10.801,R
SN2014J,56703.34,11.165,V
SN2014J,56703.76,11.718,g
SN2014J,56703.76,10.970,i
SN2014J,56703.76,10.851,r
SN2014J,56703.76,10.259,z
SN2014J,56703.7603,15.582,UVW1
SN2014J,56703.7603,15.634,UVW1
SN2014J,56703.7615,14.420,U
SN2014J,56703.7615,14.425,U
SN2014J,56703.7628,12.822,B
SN2014J,56703.7647,16.709,UVW2
SN2014J,56703.7647,16.794,UVW2
SN2014J,56703.7664,11.163,V
SN2014J,56703.7683,19.170,UVM2
SN2014J,56703.7683,19.232,UVM2
SN2014J,56704.831,12.85,B
SN2014J,56704.832,10.816,R
SN2014J,56704.832,11.228,V
SN2014J,56704.833,10.388,I
SN2014J,56705.33,13.066,B
SN2014J,56705.33,10.925,CLEAR
SN2014J,56705.33,10.594,I
SN2014J,56705.33,10.885,R
SN2014J,56705.33,11.223,V
SN2014J,56705.4940,14.602,U
SN2014J,56705.494,14.606,U
SN2014J,56705.4952,12.961,B
SN2014J,56705.4989,11.265,V
SN2014J,56705.5261,15.831,UVW1
SN2014J,56705.5261,15.883,UVW1
SN2014J,56705.5305,16.775,UVW2
SN2014J,56705.5305,16.859,UVW2
SN2014J,56705.5345,20.223,UVM2
SN2014J,56705.5345,20.289,UVM2
SN2014J,56705.5606,14.619,U
SN2014J,56705.5606,14.624,U
SN2014J,56705.5619,12.985,B
SN2014J,56705.5655,11.29,V
SN2014J,56705.822,12.932,B
SN2014J,56705.823,10.846,R
SN2014J,56705.823,11.28,V
SN2014J,56705.824,10.39,I
SN2014J,56706.2,13.211,B
SN2014J,56706.2,10.348,I
SN2014J,56706.2,10.835,R
SN2014J,56706.2,11.345,V
SN2014J,56706.2644,21.026,UVM2
SN2014J,56706.2644,21.122,UVM2
SN2014J,56706.32,13.115,B
SN2014J,56706.32,10.959,CLEAR
SN2014J,56706.32,10.603,I
SN2014J,56706.32,10.929,R
SN2014J,56706.32,11.311,V
SN2014J,56706.67,13,B
SN2014J,56706.67,10.39,I
SN2014J,56706.67,10.81,R
SN2014J,56706.67,14.09,U
SN2014J,56706.67,11.25,V
SN2014J,56706.7642,14.740,U
SN2014J,56706.7642,14.744,U
SN2014J,56706.7654,13.146,B
SN2014J,56706.7691,11.332,V
SN2014J,56706.7945,15.857,UVW1
SN2014J,56706.7945,15.91,UVW1
SN2014J,56706.7989,16.995,UVW2
SN2014J,56706.7989,17.08,UVW2
SN2014J,56706.8050,20.214,UVM2
SN2014J,56706.805,20.28,UVM2
SN2014J,56706.8273,14.755,U
SN2014J,56706.8273,14.759,U
SN2014J,56706.8286,13.126,B
SN2014J,56706.8322,11.336,V
SN2014J,56707,10.32,I1
SN2014J,56707,10.91,I2
SN2014J,56707.72,13.19,B
SN2014J,56707.72,10.77,R
SN2014J,56707.72,11.28,V
SN2014J,56707.73,13.08,B
SN2014J,56707.73,10.37,I
SN2014J,56707.73,10.81,R
SN2014J,56707.73,14.29,U
SN2014J,56707.73,11.29,V
SN2014J,56707.7606,14.909,U
SN2014J,56707.7606,14.914,U
SN2014J,56707.7619,13.191,B
SN2014J,56707.7655,11.352,V
SN2014J,56707.766,11.33,V
SN2014J,56707.767,13.105,B
SN2014J,56707.767,10.307,I
SN2014J,56707.767,10.827,R
SN2014J,56707.7927,15.984,UVW1
SN2014J,56707.7927,16.037,UVW1
SN2014J,56707.7971,16.966,UVW2
SN2014J,56707.7971,17.052,UVW2
SN2014J,56707.8015,19.981,UVM2
SN2014J,56707.8015,20.046,UVM2
SN2014J,56707.8273,14.912,U
SN2014J,56707.8273,14.917,U
SN2014J,56707.8285,13.216,B
SN2014J,56707.8322,11.37,V
SN2014J,56708.27,13.335,B
SN2014J,56708.27,10.902,CLEAR
SN2014J,56708.27,10.579,I
SN2014J,56708.27,10.908,R
SN2014J,56708.27,11.508,V
SN2014J,56708.5613,15.097,U
SN2014J,56708.5613,15.102,U
SN2014J,56708.5626,13.32,B
SN2014J,56708.5662,11.414,V
SN2014J,56708.5934,16.106,UVW1
SN2014J,56708.5934,16.159,UVW1
SN2014J,56708.5978,17.038,UVW2
SN2014J,56708.5978,17.123,UVW2
SN2014J,56708.6017,19.897,UVM2
SN2014J,56708.6017,19.962,UVM2
SN2014J,56708.6280,15.045,U
SN2014J,56708.628,15.05,U
SN2014J,56708.6292,13.281,B
SN2014J,56708.6329,11.415,V
SN2014J,56708.84,13.208,B
SN2014J,56708.841,10.291,I
SN2014J,56708.841,10.863,R
SN2014J,56708.841,11.39,V
SN2014J,56709.0,13.538,B
SN2014J,56709.0,10.280,I
SN2014J,56709.0,10.770,R
SN2014J,56709.0,11.362,V
SN2014J,56709.34,13.427,B
SN2014J,56709.34,10.957,CLEAR
SN2014J,56709.34,10.468,I
SN2014J,56709.34,10.919,R
SN2014J,56709.34,11.388,V
SN2014J,56709.791,13.28,B
SN2014J,56709.792,10.839,R
SN2014J,56709.792,11.412,V
SN2014J,56709.793,10.231,I
SN2014J,56709.8280,15.340,U
SN2014J,56709.828,15.344,U
SN2014J,56709.8293,13.414,B
SN2014J,56709.8312,17.065,UVW2
SN2014J,56709.8312,17.151,UVW2
SN2014J,56709.8329,11.475,V
SN2014J,56709.8356,19.524,UVM2
SN2014J,56709.8356,19.588,UVM2
SN2014J,56709.8944,16.190,UVW1
SN2014J,56709.8944,16.244,UVW1
SN2014J,56709.9634,15.162,U
SN2014J,56709.9634,15.166,U
SN2014J,56709.9646,13.408,B
SN2014J,56710.29,13.544,B
SN2014J,56710.29,11.004,CLEAR
SN2014J,56710.29,10.593,I
SN2014J,56710.29,11.028,R
SN2014J,56710.29,11.460,V
SN2014J,56710.4989,21.230,UVM2
SN2014J,56710.4989,21.305,UVM2
SN2014J,56710.748,13.347,B
SN2014J,56710.748,11.43,V
SN2014J,56710.749,10.223,I
SN2014J,56710.749,10.832,R
SN2014J,56710.85,13.4,B
SN2014J,56710.85,10.29,I
SN2014J,56710.85,10.81,R
SN2014J,56710.85,14.6,U
SN2014J,56710.85,11.41,V
SN2014J,56711.25,13.640,B
SN2014J,56711.25,11.000,CLEAR
SN2014J,56711.25,10.493,I
SN2014J,56711.25,10.920,R
SN2014J,56711.25,11.520,V
SN2014J,56711.68,13.49,B
SN2014J,56711.68,10.27,I
SN2014J,56711.68,10.81,R
SN2014J,56711.68,11.45,V
SN2014J,56711.75,13.56,B
SN2014J,56711.75,10.21,I
SN2014J,56711.75,10.76,R
SN2014J,56711.75,14.85,U
SN2014J,56711.75,11.43,V
SN2014J,56711.756,13.442,B
SN2014J,56711.757,11.469,V
SN2014J,56711.758,10.204,I
SN2014J,56711.758,10.841,R
SN2014J,56712.0,13.745,B
SN2014J,56712.0,10.122,I
SN2014J,56712,10.44,I1
SN2014J,56712,11.11,I2
SN2014J,56712.0,10.789,R
SN2014J,56712.0,11.458,V
SN2014J,56712.26,13.741,B
SN2014J,56712.26,10.950,CLEAR
SN2014J,56712.26,10.497,I
SN2014J,56712.26,10.946,R
SN2014J,56712.26,11.583,V
SN2014J,56712.795,13.539,B
SN2014J,56712.796,10.871,R
SN2014J,56712.796,11.517,V
SN2014J,56712.797,10.188,I
SN2014J,56713.0315,15.586,U
SN2014J,56713.0315,15.59,U
SN2014J,56713.0327,13.721,B
SN2014J,56713.0364,11.564,V
SN2014J,56713.0635,16.455,UVW1
SN2014J,56713.0635,16.51,UVW1
SN2014J,56713.0680,17.345,UVW2
SN2014J,56713.068,17.432,UVW2
SN2014J,56713.0724,19.864,UVM2
SN2014J,56713.0724,19.929,UVM2
SN2014J,56713.0981,15.694,U
SN2014J,56713.0981,15.699,U
SN2014J,56713.0994,13.718,B
SN2014J,56713.103,11.589,V
SN2014J,56713.29,13.831,B
SN2014J,56713.29,10.946,CLEAR
SN2014J,56713.29,10.446,I
SN2014J,56713.29,10.983,R
SN2014J,56713.29,11.561,V
SN2014J,56713.72,13.8,B
SN2014J,56713.72,10.13,I
SN2014J,56713.72,10.84,R
SN2014J,56713.72,11.51,V
SN2014J,56713.76,13.607,B
SN2014J,56713.761,10.902,R
SN2014J,56713.761,11.565,V
SN2014J,56713.762,10.173,I
SN2014J,56713.9,13.71,B
SN2014J,56713.9,10.12,I
SN2014J,56713.9,10.8,R
SN2014J,56713.9,14.99,U
SN2014J,56713.9,11.47,V
SN2014J,56713.90,12.509,g
SN2014J,56713.90,10.821,i
SN2014J,56713.90,10.958,r
SN2014J,56713.90,10.075,z
SN2014J,56714.26,14.019,B
SN2014J,56714.26,11.054,CLEAR
SN2014J,56714.26,10.367,I
SN2014J,56714.26,11.006,R
SN2014J,56714.26,11.588,V
SN2014J,56714.68,13.84,B
SN2014J,56714.68,10.11,I
SN2014J,56714.68,10.85,R
SN2014J,56714.68,11.54,V
SN2014J,56714.84,12.518,g
SN2014J,56714.84,10.749,i
SN2014J,56714.84,10.990,r
SN2014J,56714.84,10.104,z
SN2014J,56714.92,13.79,B
SN2014J,56714.92,10.13,I
SN2014J,56714.92,10.81,R
SN2014J,56714.92,15.12,U
SN2014J,56714.92,11.53,V
SN2014J,56715.77,12.572,g
SN2014J,56715.77,10.734,i
SN2014J,56715.77,10.987,r
SN2014J,56715.77,10.091,z
SN2014J,56715.81,14.04,B
SN2014J,56715.81,10.14,I
SN2014J,56715.81,10.9,R
SN2014J,56715.81,15.49,U
SN2014J,56715.81,11.63,V
SN2014J,56715.91,13.9,B
SN2014J,56715.91,10.12,I
SN2014J,56715.91,10.85,R
SN2014J,56715.91,15.26,U
SN2014J,56715.91,11.58,V
SN2014J,56716.73,14.13,B
SN2014J,56716.73,10.16,I
SN2014J,56716.73,10.94,R
SN2014J,56716.73,15.48,U
SN2014J,56716.73,11.67,V
SN2014J,56717.8,14.521,B
SN2014J,56717.8,10.184,I
SN2014J,56717.8,10.995,R
SN2014J,56717.8,11.726,V
SN2014J,56717.85,12.697,g
SN2014J,56717.85,10.815,i
SN2014J,56717.85,11.069,r
SN2014J,56717.85,10.124,z
SN2014J,56717.92,14.08,B
SN2014J,56717.92,10.08,I
SN2014J,56717.92,10.86,R
SN2014J,56717.92,15.34,U
SN2014J,56717.92,11.65,V
SN2014J,56718,10.59,I1
SN2014J,56718,11.27,I2
SN2014J,56718.864,11.064,R
SN2014J,56718.865,14.073,B
SN2014J,56718.865,10.16,I
SN2014J,56718.866,11.848,V
SN2014J,56719.36,14.411,B
SN2014J,56719.36,11.071,CLEAR
SN2014J,56719.36,10.304,I
SN2014J,56719.36,11.092,R
SN2014J,56719.36,11.850,V
SN2014J,56719.68,14.11,B
SN2014J,56719.68,10.18,I
SN2014J,56719.68,10.94,R
SN2014J,56719.68,15.42,U
SN2014J,56719.68,11.81,V
SN2014J,56719.91,12.879,g
SN2014J,56719.91,10.878,i
SN2014J,56719.91,11.134,r
SN2014J,56719.91,10.116,z
SN2014J,56720.77,11.954,V
SN2014J,56720.771,10.21,I
SN2014J,56720.771,11.158,R
SN2014J,56720.773,14.181,B
SN2014J,56721.27,14.453,B
SN2014J,56721.27,11.095,CLEAR
SN2014J,56721.27,10.384,I
SN2014J,56721.27,11.207,R
SN2014J,56721.27,11.981,V
SN2014J,56722.749,14.296,B
SN2014J,56722.75,12.064,V
SN2014J,56722.751,10.298,I
SN2014J,56722.751,11.269,R
SN2014J,56723.25,14.626,B
SN2014J,56723.25,11.215,CLEAR
SN2014J,56723.25,10.498,I
SN2014J,56723.25,11.345,R
SN2014J,56723.25,12.150,V
SN2014J,56723.3938,16.259,U
SN2014J,56723.3938,16.263,U
SN2014J,56723.3958,14.504,B
SN2014J,56723.4014,12.109,V
SN2014J,56723.748,14.335,B
SN2014J,56723.748,12.122,V
SN2014J,56723.749,10.369,I
SN2014J,56723.749,11.336,R
SN2014J,56724.25,14.703,B
SN2014J,56724.25,11.293,CLEAR
SN2014J,56724.25,10.640,I
SN2014J,56724.25,11.426,R
SN2014J,56724.25,12.148,V
SN2014J,56724.749,14.361,B
SN2014J,56724.75,11.369,R
SN2014J,56724.75,12.146,V
SN2014J,56724.751,10.443,I
SN2014J,56724.9,14.822,B
SN2014J,56724.9,10.425,I
SN2014J,56724.9,11.326,R
SN2014J,56724.9,12.179,V
SN2014J,56724.97,13.230,g
SN2014J,56724.97,11.133,i
SN2014J,56724.97,11.489,r
SN2014J,56724.97,10.336,z
SN2014J,56725.25,14.758,B
SN2014J,56725.25,11.411,CLEAR
SN2014J,56725.25,10.693,I
SN2014J,56725.25,11.514,R
SN2014J,56725.25,12.176,V
SN2014J,56725.798,11.374,R
SN2014J,56725.798,12.189,V
SN2014J,56725.805,10.518,I
SN2014J,56725.86,13.225,g
SN2014J,56725.86,11.182,i
SN2014J,56725.86,11.581,r
SN2014J,56725.86,10.443,z
SN2014J,56726.0,14.944,B
SN2014J,56726.0,10.480,I
SN2014J,56726.0,11.371,R
SN2014J,56726.0,12.152,V
SN2014J,56726.751,12.227,V
SN2014J,56726.752,14.341,B
SN2014J,56726.752,10.586,I
SN2014J,56726.752,11.456,R
SN2014J,56727.0,15.009,B
SN2014J,56727.0,10.545,I
SN2014J,56727.0,11.457,R
SN2014J,56727.0,12.250,V
SN2014J,56727.25,14.716,B
SN2014J,56727.25,11.467,CLEAR
SN2014J,56727.25,10.737,I
SN2014J,56727.25,11.506,R
SN2014J,56727.25,12.276,V
SN2014J,56727.5881,16.539,U
SN2014J,56727.5881,16.544,U
SN2014J,56727.5901,14.802,B
SN2014J,56727.5936,12.323,V
SN2014J,56727.722,14.425,B
SN2014J,56727.723,12.296,V
SN2014J,56727.724,10.651,I
SN2014J,56727.724,11.562,R
SN2014J,56727.93,13.375,g
SN2014J,56727.93,11.336,i
SN2014J,56727.93,11.650,r
SN2014J,56727.93,10.509,z
SN2014J,56728.0,14.969,B
SN2014J,56728.0,10.632,I
SN2014J,56728.0,11.537,R
SN2014J,56728.0,12.343,V
SN2014J,56728.22,14.814,B
SN2014J,56728.22,11.543,CLEAR
SN2014J,56728.22,10.837,I
SN2014J,56728.22,11.619,R
SN2014J,56728.22,12.272,V
SN2014J,56728.771,14.527,B
SN2014J,56728.771,12.364,V
SN2014J,56728.772,10.72,I
SN2014J,56728.772,11.614,R
SN2014J,56728.93,13.467,g
SN2014J,56728.93,11.424,i
SN2014J,56728.93,11.747,r
SN2014J,56728.93,10.584,z
SN2014J,56729.0,15.060,B
SN2014J,56729.0,10.687,I
SN2014J,56729.0,11.550,R
SN2014J,56729.0,12.367,V
SN2014J,56729.27,14.866,B
SN2014J,56729.27,11.599,CLEAR
SN2014J,56729.27,10.939,I
SN2014J,56729.27,11.724,R
SN2014J,56729.27,12.469,V
SN2014J,56729.736,14.549,B
SN2014J,56729.736,12.393,V
SN2014J,56729.737,10.78,I
SN2014J,56729.737,11.662,R
SN2014J,56729.95,13.473,g
SN2014J,56729.95,11.489,i
SN2014J,56729.95,11.765,r
SN2014J,56729.95,10.620,z
SN2014J,56730.24,14.853,B
SN2014J,56730.24,11.739,CLEAR
SN2014J,56730.24,11.008,I
SN2014J,56730.24,11.586,R
SN2014J,56730.24,12.564,V
SN2014J,56730.772,14.596,B
SN2014J,56730.773,12.457,V
SN2014J,56730.774,10.851,I
SN2014J,56730.774,11.739,R
SN2014J,56730.80,13.400,g
SN2014J,56730.80,11.471,i
SN2014J,56730.80,11.807,r
SN2014J,56730.80,10.752,z
SN2014J,56730.9,15.003,B
SN2014J,56730.9,10.643,I
SN2014J,56730.9,11.650,R
SN2014J,56730.9,12.438,V
SN2014J,56731.0566,16.630,U
SN2014J,56731.0566,16.635,U
SN2014J,56731.0585,14.864,B
SN2014J,56731.0626,12.439,V
SN2014J,56731.27,14.903,B
SN2014J,56731.27,11.825,CLEAR
SN2014J,56731.27,11.017,I
SN2014J,56731.27,11.755,R
SN2014J,56731.27,12.492,V
SN2014J,56731.4032,16.662,U
SN2014J,56731.4032,16.667,U
SN2014J,56731.4052,14.894,B
SN2014J,56731.4071,12.474,V
SN2014J,56731.5839,16.584,U
SN2014J,56731.5839,16.589,U
SN2014J,56731.5859,14.897,B
SN2014J,56731.5888,12.468,V
SN2014J,56732.785,14.603,B
SN2014J,56732.785,12.49,V
SN2014J,56732.786,10.925,I
SN2014J,56732.786,11.779,R
SN2014J,56733.29,15.007,B
SN2014J,56733.29,11.906,CLEAR
SN2014J,56733.29,11.131,I
SN2014J,56733.29,11.912,R
SN2014J,56733.29,12.673,V
SN2014J,56733.93,13.552,g
SN2014J,56733.93,11.614,i
SN2014J,56733.93,11.961,r
SN2014J,56733.93,10.938,z
SN2014J,56734.29,11.864,CLEAR
SN2014J,56734.75,13.457,g
SN2014J,56734.75,11.565,i
SN2014J,56734.75,11.899,r
SN2014J,56734.75,11.144,z
SN2014J,56734.779,14.68,B
SN2014J,56734.78,12.58,V
SN2014J,56734.781,11.072,I
SN2014J,56734.781,11.874,R
SN2014J,56735.2484,16.668,U
SN2014J,56735.2484,16.673,U
SN2014J,56735.2504,14.897,B
SN2014J,56735.2578,12.582,V
SN2014J,56735.28,14.965,B
SN2014J,56735.28,11.951,CLEAR
SN2014J,56735.28,11.288,I
SN2014J,56735.28,11.951,R
SN2014J,56735.28,12.639,V
SN2014J,56736.26,11.958,CLEAR
SN2014J,56736.749,14.722,B
SN2014J,56736.75,11.984,R
SN2014J,56736.75,12.671,V
SN2014J,56736.751,11.174,I
SN2014J,56736.9,15.042,B
SN2014J,56736.9,11.148,I
SN2014J,56736.9,11.904,R
SN2014J,56736.9,12.659,V
SN2014J,56737.25,14.988,B
SN2014J,56737.25,11.969,CLEAR
SN2014J,56737.25,11.322,I
SN2014J,56737.25,11.948,R
SN2014J,56737.25,12.674,V
SN2014J,56737.85,13.627,g
SN2014J,56737.85,11.760,i
SN2014J,56737.85,12.047,r
SN2014J,56737.85,11.074,z
SN2014J,56738.786,14.727,B
SN2014J,56738.787,12.03,R
SN2014J,56738.787,12.706,V
SN2014J,56738.788,11.277,I
SN2014J,56739.0,15.124,B
SN2014J,56739.0,11.034,I
SN2014J,56739.0,11.958,R
SN2014J,56739.0,12.714,V
SN2014J,56739.29,15.017,B
SN2014J,56739.29,12.057,CLEAR
SN2014J,56739.29,11.421,I
SN2014J,56739.29,12.086,R
SN2014J,56739.29,12.734,V
SN2014J,56739.6554,16.638,U
SN2014J,56739.6554,16.643,U
SN2014J,56739.6573,14.982,B
SN2014J,56739.6651,12.712,V
SN2014J,56739.76,11.273,I
SN2014J,56739.76,12.04,R
SN2014J,56739.76,12.688,V
SN2014J,56739.761,14.716,B
SN2014J,56740.25,12.105,CLEAR
SN2014J,56740.743,14.768,B
SN2014J,56740.744,12.103,R
SN2014J,56740.744,12.752,V
SN2014J,56740.745,11.369,I
SN2014J,56741.24,15.044,B
SN2014J,56741.24,12.146,CLEAR
SN2014J,56741.24,11.502,I
SN2014J,56741.24,12.147,R
SN2014J,56741.24,12.784,V
SN2014J,56741.9,15.169,B
SN2014J,56741.9,11.238,I
SN2014J,56741.9,12.035,R
SN2014J,56741.9,12.792,V
SN2014J,56742.8,15.156,B
SN2014J,56742.8,11.371,I
SN2014J,56742.8,12.065,R
SN2014J,56742.8,12.809,V
SN2014J,56743.7220,16.911,U
SN2014J,56743.722,16.916,U
SN2014J,56743.724,15.034,B
SN2014J,56743.7272,12.83,V
SN2014J,56743.816,14.779,B
SN2014J,56743.817,12.82,V
SN2014J,56743.818,11.484,I
SN2014J,56743.818,12.178,R
SN2014J,56744.32,15.058,B
SN2014J,56744.32,12.303,CLEAR
SN2014J,56744.32,11.769,I
SN2014J,56744.32,12.244,R
SN2014J,56744.32,12.919,V
SN2014J,56744.8,15.142,B
SN2014J,56744.8,11.370,I
SN2014J,56744.8,11.920,R
SN2014J,56744.8,12.855,V
SN2014J,56745.79,13.815,g
SN2014J,56745.79,12.063,i
SN2014J,56745.79,12.297,r
SN2014J,56745.79,11.482,z
SN2014J,56746.0,15.198,B
SN2014J,56746.0,11.411,I
SN2014J,56746.0,12.092,R
SN2014J,56746.0,12.916,V
SN2014J,56746.9,15.200,B
SN2014J,56746.9,11.480,I
SN2014J,56746.9,12.060,R
SN2014J,56746.9,12.938,V
SN2014J,56746.92,13.748,g
SN2014J,56746.92,12.112,i
SN2014J,56746.92,12.300,r
SN2014J,56746.92,11.655,z
SN2014J,56749.0464,16.809,U
SN2014J,56749.0464,16.814,U
SN2014J,56749.0476,15.212,B
SN2014J,56749.0511,12.927,V
SN2014J,56749.4783,17.959,UVW1
SN2014J,56749.4783,18.036,UVW1
SN2014J,56749.4827,18.671,UVW2
SN2014J,56749.4827,18.773,UVW2
SN2014J,56749.9128,16.770,U
SN2014J,56749.9128,16.775,U
SN2014J,56749.914,15.077,B
SN2014J,56749.9176,12.984,V
SN2014J,56749.9231,20.102,UVM2
SN2014J,56749.9231,20.17,UVM2
SN2014J,56751.8,15.223,B
SN2014J,56751.8,11.711,I
SN2014J,56751.8,12.318,R
SN2014J,56751.8,13.045,V
SN2014J,56752.775,14.976,B
SN2014J,56752.776,13.115,V
SN2014J,56752.777,11.921,I
SN2014J,56752.777,12.505,R
SN2014J,56753.28,15.182,B
SN2014J,56753.28,12.609,CLEAR
SN2014J,56753.28,12.058,I
SN2014J,56753.28,12.534,R
SN2014J,56753.28,13.135,V
SN2014J,56753.7113,16.934,U
SN2014J,56753.7113,16.939,U
SN2014J,56753.7126,15.093,B
SN2014J,56753.7162,13.036,V
SN2014J,56753.7425,17.828,UVW1
SN2014J,56753.7425,17.903,UVW1
SN2014J,56753.7469,18.870,UVW2
SN2014J,56753.7469,18.975,UVW2
SN2014J,56753.7533,20.539,UVM2
SN2014J,56753.7533,20.609,UVM2
SN2014J,56753.7761,17.065,U
SN2014J,56753.7761,17.07,U
SN2014J,56753.7774,15.002,B
SN2014J,56753.781,13.074,V
SN2014J,56754.758,14.942,B
SN2014J,56754.758,13.14,V
SN2014J,56754.759,11.99,I
SN2014J,56754.759,12.542,R
SN2014J,56754.8,15.248,B
SN2014J,56754.8,11.790,I
SN2014J,56754.8,12.420,R
SN2014J,56754.8,13.124,V
SN2014J,56754.82,13.980,g
SN2014J,56754.82,12.293,i
SN2014J,56754.82,12.558,r
SN2014J,56754.82,11.866,z
SN2014J,56755.26,15.225,B
SN2014J,56755.26,12.684,CLEAR
SN2014J,56755.26,12.160,I
SN2014J,56755.26,12.602,R
SN2014J,56755.26,13.194,V
SN2014J,56756.23,12.828,CLEAR
SN2014J,56756.754,14.973,B
SN2014J,56756.754,13.184,V
SN2014J,56756.755,12.068,I
SN2014J,56756.755,12.608,R
SN2014J,56757.0417,16.866,U
SN2014J,56757.0417,16.872,U
SN2014J,56757.043,15.132,B
SN2014J,56757.0466,13.232,V
SN2014J,56757.25,15.268,B
SN2014J,56757.25,12.767,CLEAR
SN2014J,56757.25,12.278,I
SN2014J,56757.25,12.722,R
SN2014J,56757.25,13.266,V
SN2014J,56757.4404,18.260,UVW1
SN2014J,56757.4404,18.346,UVW1
SN2014J,56757.4412,16.769,U
SN2014J,56757.4412,16.775,U
SN2014J,56757.4424,15.104,B
SN2014J,56757.4449,18.891,UVW2
SN2014J,56757.4449,18.998,UVW2
SN2014J,56757.4461,13.175,V
SN2014J,56757.4483,19.952,UVM2
SN2014J,56757.4483,20.02,UVM2
SN2014J,56757.5134,16.919,U
SN2014J,56757.5134,16.925,U
SN2014J,56757.5146,15.014,B
SN2014J,56757.8417,17.037,U
SN2014J,56757.8417,17.042,U
SN2014J,56757.843,15.14,B
SN2014J,56757.8466,13.159,V
SN2014J,56758.20,,
SN2014J,56758.25,12.811,CLEAR
SN2014J,56758.768,13.252,V
SN2014J,56758.769,15.049,B
SN2014J,56758.769,12.679,R
SN2014J,56758.771,12.164,I
SN2014J,56759.27,12.804,CLEAR
SN2014J,56760.29,12.873,CLEAR
SN2014J,56760.79,15.044,B
SN2014J,56760.791,12.737,R
SN2014J,56760.791,13.308,V
SN2014J,56760.792,12.224,I
SN2014J,56761.29,15.277,B
SN2014J,56761.29,12.870,CLEAR
SN2014J,56761.29,12.423,I
SN2014J,56761.29,12.801,R
SN2014J,56761.29,13.370,V
SN2014J,56762.778,15.06,B
SN2014J,56762.779,13.356,V
SN2014J,56762.78,12.333,I
SN2014J,56762.78,12.807,R
SN2014J,56763.28,15.272,B
SN2014J,56763.28,12.979,CLEAR
SN2014J,56763.28,12.469,I
SN2014J,56763.28,12.884,R
SN2014J,56763.28,13.429,V
SN2014J,56764.754,15.074,B
SN2014J,56764.755,13.377,V
SN2014J,56764.756,12.33,I
SN2014J,56764.756,12.819,R
SN2014J,56765.26,15.376,B
SN2014J,56765.26,13.031,CLEAR
SN2014J,56765.26,12.564,I
SN2014J,56765.26,12.932,R
SN2014J,56765.26,13.493,V
SN2014J,56766.762,15.055,B
SN2014J,56766.762,13.373,V
SN2014J,56766.763,12.315,I
SN2014J,56766.763,12.824,R
SN2014J,56767.26,15.380,B
SN2014J,56767.26,13.100,CLEAR
SN2014J,56767.26,12.695,I
SN2014J,56767.26,13.086,R
SN2014J,56767.26,13.538,V
SN2014J,56768.80,14.227,g
SN2014J,56768.80,12.682,i
SN2014J,56768.80,12.910,r
SN2014J,56768.80,12.493,z
SN2014J,56769.88,14.236,g
SN2014J,56769.88,12.715,i
SN2014J,56769.88,12.965,r
SN2014J,56769.88,12.390,z
SN2014J,56771.20,13.207,CLEAR
SN2014J,56773.86,14.314,g
SN2014J,56773.86,12.852,i
SN2014J,56773.86,13.079,r
SN2014J,56773.86,12.551,z
SN2014J,56774.8,15.215,B
SN2014J,56774.8,12.480,I
SN2014J,56774.8,12.945,R
SN2014J,56774.8,13.602,V
SN2014J,56775.88,14.255,g
SN2014J,56775.88,12.896,i
SN2014J,56775.88,13.095,r
SN2014J,56775.88,12.976,z
SN2014J,56776.19,13.365,CLEAR
SN2014J,56777.9,15.407,B
SN2014J,56777.9,12.608,I
SN2014J,56777.9,13.062,R
SN2014J,56777.9,13.682,V
SN2014J,56778.22,13.467,CLEAR
SN2014J,56780.21,13.590,CLEAR
SN2014J,56782.84,14.382,g
SN2014J,56782.84,13.037,i
SN2014J,56782.84,13.294,r
SN2014J,56782.84,12.750,z
SN2014J,56783.84,14.464,g
SN2014J,56783.84,13.060,i
SN2014J,56783.84,13.346,r
SN2014J,56783.84,12.849,z
SN2014J,56784.18,13.622,CLEAR
SN2014J,56785.8,15.405,B
SN2014J,56785.8,12.731,I
SN2014J,56785.8,13.199,R
SN2014J,56785.8,13.829,V
SN2014J,56785.81,14.512,g
SN2014J,56785.81,13.098,i
SN2014J,56785.81,13.361,r
SN2014J,56785.81,12.828,z
SN2014J,56787.86,14.547,g
SN2014J,56787.86,13.114,i
SN2014J,56787.86,13.384,r
SN2014J,56787.86,12.887,z
SN2014J,56788.20,13.730,CLEAR
SN2014J,56796.91,14.654,g
SN2014J,56796.91,13.388,i
SN2014J,56796.91,13.628,r
SN2014J,56796.91,13.056,z
SN2014J,56797.88,14.672,g
SN2014J,56797.88,13.312,i
SN2014J,56797.88,13.604,r
SN2014J,56797.88,13.033,z
SN2014J,56798.84,14.670,g
SN2014J,56798.84,13.245,i
SN2014J,56798.84,13.603,r
SN2014J,56798.84,12.918,z
SN2014J,56798.9,15.571,B
SN2014J,56798.9,13.078,I
SN2014J,56798.9,13.545,R
SN2014J,56798.9,14.108,V
SN2014J,56799.89,14.686,g
SN2014J,56799.89,13.305,i
SN2014J,56799.89,13.633,r
SN2014J,56799.89,13.097,z
SN2014J,56803.20,14.153,CLEAR
SN2014J,56805.87,14.834,g
SN2014J,56805.87,13.362,i
SN2014J,56805.87,13.747,r
SN2014J,56805.87,13.156,z
SN2014J,56807,12.03,I1
SN2014J,56807,13.19,I2
SN2014J,56811.86,14.898,g
SN2014J,56811.86,13.530,i
SN2014J,56811.86,13.893,r
SN2014J,56811.86,13.187,z
SN2014J,56816,12.19,I1
SN2014J,56816,13.34,I2
SN2014J,56820.00,,
SN2014J,56831,12.56,I1
SN2014J,56831,13.60,I2
SN2014J,56846,12.77,I1
SN2014J,56846,13.92,I2
SN2014J,56954.55,16.642,CLEAR
SN2014J,56964.57,16.967,CLEAR
SN2014J,56984.58,16.956,CLEAR
SN2014J,56986.57,17.242,CLEAR
SN2014J,56989.56,17.122,CLEAR
SN2014J,57013.59,17.579,CLEAR
SN2014J,57026.47,17.548,CLEAR
SN2014J,57028.38,17.637,CLEAR
SN2014J,57029.41,17.485,CLEAR
SN2014J,57036.44,17.642,CLEAR
SN2014J,57048.39,17.787,CLEAR
SN2014J,57051.36,17.774,CLEAR
SN2014J,57057.32,17.615,CLEAR
SN2014J,57058.37,17.646,CLEAR
SN2014J,57064.36,17.939,CLEAR
SN2014J,57066.33,17.943,CLEAR
SN2014J,57070.39,17.967,CLEAR
SN2014J,57072.36,17.649,CLEAR
SN2014J,57074.30,17.636,CLEAR
SN2014J,57078.32,18.230,CLEAR
SN2014J,57083.22,17.985,CLEAR
SN2014J,57086.30,18.534,CLEAR
SN2014J,57088.37,18.098,CLEAR
SN2014J,57090.36,17.899,CLEAR
SN2014J,57094.31,18.280,CLEAR
SN2014J,57100.30,17.931,CLEAR
SN2014J,57102.27,18.287,CLEAR
SN2014J,57107.29,18.448,CLEAR
SN2014J,57109.24,18.721,CLEAR
SN2014J,57116.31,18.677,CLEAR
SN2014J,57122.21,18.214,CLEAR
SN2014J,57124.28,18.411,CLEAR
SN2014J,57131.20,18.538,CLEAR
